difficulty	writtenForm	reading	writtenFormWrongAnswers	readingWrongAnswers
1	昨日	きのう	-	さくひ|きのひ
1	今日	きょう	-	いまひ|こんひ
1	明日	あした	-	あけひ|めいにち
1	一昨日	おととい	-	いちさくにち|ひときのう
1	明後日	あさって	-	あけのち|あしたのち
1	大人	おとな	-	おおひと|だいじん
1	二十歳	はたち	-	にじゅうにち|はつか
1	七夕	たなばた	-	しちゆう|ななゆう
1	梅雨	つゆ	-	うめあめ|うめさめ
1	紅葉	もみじ	-	もみは|べによう
1	吹雪	ふぶき	-	ふきゆき|ふうせつ
1	雪崩	なだれ	-	ゆきくずれ|せつほう
1	木綿	もめん	-	きめん|もくわた
1	浴衣	ゆかた	-	よくえ|あびごろも
1	土産	みやげ	-	つちさん|つちみやげ
1	眼鏡	めがね	-	がんかがみ|めきょう
1	海老	えび	-	うみおい|かいろう
1	海苔	のり	-	うみのり|かいり
1	小豆	あずき	-	こまめ|しょうとう
1	生姜	しょうが	-	せいが|なまが
1	扇子	せんす	-	せんこ|おうし
1	西瓜	すいか	-	にしうり|せいか
1	山葵	わさび	-	やまあおい|さんき
1	足袋	たび	-	あしぶくろ|そくたい
1	草履	ぞうり	-	くさばき|そうり
1	百合	ゆり	-	ひゃくごう|ももあい
1	蜜柑	みかん	-	みつかん|みつきん
1	林檎	りんご	-	りんこう|はやしご
1	雀	すずめ	-	すずどり|すずこ
1	燕	つばめ	-	はるのとり|つばのとり
1	葡萄	ぶどう	-	ぶとう|ほどう
1	団扇	うちわ	-	だんせん|うちせん
1	山羊	やぎ	-	さんよう|やまひつじ
1	狸	たぬき	-	たにぬき|たぬぎ
1	狐	きつね	-	こぎつね|きつの
1	狼	おおかみ	-	おおいぬ|ろう
1	朝顔	あさがお	-	ちょうがん|あさかお
1	夕立	ゆうだち	-	ゆうたち|せきりつ
1	提灯	ちょうちん	-	ていちん|ちょうとう
1	行方	ゆくえ	-	こうほう|ゆくほう
1	居心地	いごこち	-	いここち|きょしんち
1	素人	しろうと	-	すびと|しろびと
1	玄人	くろうと	-	げんじん|くろびと
1	迷子	まいご	-	めいご|まようこ
1	怪我	けが	-	かいが|けがわ
1	風邪	かぜ	-	ふうざ|かざやまい
1	火傷	やけど	-	ひきず|やけきず
1	流行る	はやる	-	りゅうこうる|はやめる
1	廃れる	すたれる	-	はいれる|すてれる
1	滞る	とどこおる	-	たいこおる|とどまる
1	遡る	さかのぼる	-	さかをのぼる|そる
1	跨ぐ	またぐ	-	またがる|またをぐ
1	俯く	うつむく	-	ふく|うちむく
1	仰ぐ	あおぐ	-	ぎょうぐ|あおのぞく
1	覗く	のぞく	-	しょく|のぞかす
1	呟く	つぶやく	-	りゅうく|つぶさく
1	囁く	ささやく	-	しゅく|ささめく
1	喚く	わめく	-	かんく|わめかく
1	唸る	うなる	-	うねる|うめる
1	零れる	こぼれる	-	れいれる|こぼす
1	溢れる	あふれる	-	いつれる|あふれだす
1	擦れる	すれる	-	さつれる|すりきれる
1	捻る	ひねる	-	ねんる|ひねくる
1	逸らす	そらす	-	いつらす|そらせる
1	遮る	さえぎる	-	しゃぎる|さえきる
1	阻む	はばむ	-	そむ|はばめる
1	拒む	こばむ	-	きょむ|こばめる
1	欺く	あざむく	-	ぎく|あさむく
1	労る	いたわる	-	ろうる|いためる
1	励ます	はげます	-	れいます|はげす
1	諭す	さとす	-	ゆす|さとめる
1	拗ねる	すねる	-	ようねる|ねじねる
1	妬む	ねたむ	-	とむ|ねむ
1	羨む	うらやむ	-	せんむ|うらなむ
1	憧れる	あこがれる	-	どうれる|あかがれる
1	慕う	したう	-	ぼう|しもたう
1	敬う	うやまう	-	けいまう|うやめる
1	怯える	おびえる	-	きょうえる|おびる
1	面影	おもかげ	-	めんえい|おもいかげ
1	名残	なごり	-	めいざん|なごれ
1	兆し	きざし	-	ちょうし|きざめ
1	向日葵	ひまわり	-	こうじつき|ひむかい
1	峠	とうげ	-	とうか|とおげ
1	麓	ふもと	-	さんろく|やまもと
1	岬	みさき	-	こうかく|みさぎ
1	渚	なぎさ	-	しょ|なぎ
1	入江	いりえ	-	にゅうえ|いりかわ
1	浅瀬	あさせ	-	せんせ|あさらい
1	紫陽花	あじさい	-	しようか|むらさきようか
1	河原	かわら	-	かげん|かわのはら
1	合図	あいず	-	ごうず|あいと
1	相槌	あいづち	-	そうつい|あいつい
1	相撲	すもう	-	そうぼく|あいぼく
1	挨拶	あいさつ	-	あいざつ|あいせつ
1	朝寝坊	あさねぼう	-	ちょうねぼう|あさねぼうず
1	雨宿り	あまやどり	-	あめやどり|あまどまり
1	粗筋	あらすじ	-	そすじ|あらきん
1	商い	あきない	-	しょうい|あきうり
1	宛てる	あてる	-	えんてる|あてがう
1	後味	あとあじ	-	ごみ|あとみ
1	油揚げ	あぶらあげ	-	ゆあげ|あぶらようげ
1	飴	あめ	-	あま|あみ
1	哀れ	あわれ	-	あいれ|あわれい
1	案山子	かかし	-	あんやまこ|かかこ
1	生垣	いけがき	-	なまがき|いけかき
1	生け花	いけばな	-	しょうけか|いけはな
1	田舎	いなか	-	でんや|たしゃ
1	一息	ひといき	-	いちそく|ひとそく
1	一際	ひときわ	-	いちさい|ひとぎわ
1	一先ず	ひとまず	-	いちまず|ひとさきず
1	一人前	いちにんまえ	-	いちじんまえ|いちにんぜん
1	一杯	いっぱい	-	いちはい|いっはい
1	居眠り	いねむり	-	きょみんり|いねみり
1	稲妻	いなずま	-	とうさい|いなさい
1	今更	いまさら	-	こんこう|いまざら
1	居間	いま	-	きょま|いあいだ
1	色合い	いろあい	-	しきあい|いろごう
1	薄暗い	うすぐらい	-	うすくらい|はくぐらい
1	嘘つき	うそつき	-	きょつき|うそづき
1	腕前	うでまえ	-	わんぜん|うでぜん
1	浮き輪	うきわ	-	ふりん|うきりん
1	埋める	うめる	-	まいめる|うまる
1	上回る	うわまわる	-	うえまわる|じょうまわる
1	縁側	えんがわ	-	えんそく|ふちがわ
1	大晦日	おおみそか	-	おおかいじつ|だいみそか
1	大雑把	おおざっぱ	-	おおざつは|だいざっぱ
1	大勢	おおぜい	-	だいせい|おおせい
1	大人しい	おとなしい	-	おとなじい|おおひとしい
1	表向き	おもてむき	-	ひょうむき|おもてこうき
1	折角	せっかく	-	せつかく|おりつの
1	大人びる	おとなびる	-	だいじんびる|おおひとびる
1	手慣れる	てなれる	-	しゅなれる|てかんれる
1	物凄い	ものすごい	-	ぶつすごい|ものすぎい
1	女心	おんなごころ	-	じょしん|おんなこころ
1	海原	うなばら	-	かいげん|うみのはら
1	顔付き	かおつき	-	がんつき|かおづき
1	片隅	かたすみ	-	へんぐう|かたぐう
1	肩身	かたみ	-	けんしん|かたしん
1	雷	かみなり	-	らいなる|かみなる
1	河口	かこう	-	かわこう|かぐち
1	空模様	そらもよう	-	くうもよう|そらもんよう
1	木陰	こかげ	-	きいん|こいん
1	気配	けはい	-	けぱい|けくばい
1	機嫌	きげん	-	きけん|きげ
1	霧雨	きりさめ	-	むさめ|きりざめ
1	雲行き	くもゆき	-	うんゆき|くもうき
1	怪しい	あやしい	-	かいしい|あやじい
1	小雨	こさめ	-	こざめ|こさみ
1	小包	こづつみ	-	しょうほう|こつつみ
1	木立	こだち	-	もくりつ|こだて
1	小遣い	こづかい	-	しょうけんい|こづけい
1	粉雪	こなゆき	-	ふんせつ|こなせつ
1	最寄り	もより	-	さいより|もっとより
1	再び	ふたたび	-	さいび|ふたどび
1	逆さま	さかさま	-	ぎゃくさま|さかざま
1	錆びる	さびる	-	しょうびる|さびれる
1	寂しい	さびしい	-	じゃくしい|さびじい
1	更に	さらに	-	こうに|さらり
1	五月	さつき	-	さつげつ|ごがつき
1	潮風	しおかぜ	-	ちょうふう|しおふう
1	仕草	しぐさ	-	しそう|しくさ
1	雫	しずく	-	てき|しずぐ
1	芝生	しばふ	-	しばぶ|しばほ
1	朱色	しゅいろ	-	しゅしき|しゅえろ
1	白髪	しらが	-	しろが|しらげ
1	白波	しらなみ	-	しろなみ|しらはみ
1	隅々	すみずみ	-	すみぞみ|すみずま
1	背伸び	せのび	-	せしんび|せのひ
1	大根	だいこん	-	たいこん|だいね
1	竹林	ちくりん	-	たけりん|ちくれん
1	縮む	ちぢむ	-	しゅくむ|ちぢめ
1	土手	どて	-	つちて|どしゅ
1	手品	てじな	-	しゅひん|てしな
1	手拭い	てぬぐい	-	しゅふつい|てぬい
1	飛び石	とびいし	-	ひせき|とびせき
1	取っ手	とって	-	とりて|とってい
1	夕暮れ	ゆうぐれ	-	ゆうくれ|せきぼれ
1	日暮れ	ひぐれ	-	にちぐれ|ひくれ
1	夜明け	よあけ	-	よるあけ|やあけ
1	朝焼け	あさやけ	-	ちょうやけ|あさしょうけ
1	夕焼け	ゆうやけ	-	せきやけ|ゆうしょうけ
1	真夜中	まよなか	-	しんやちゅう|まやちゅう
1	正午	しょうご	-	せいご|まひる
1	元旦	がんたん	-	げんたん|もとだん
1	元日	がんじつ	-	げんじつ|もとび
1	年明け	としあけ	-	としあげ|ねんあげ
1	正月	しょうがつ	-	せいげつ|まさつき
1	節分	せつぶん	-	せつわけ|ふしぶん
1	彼岸	ひがん	-	かのきし|ひきし
1	睦月	むつき	-	むつげつ|ぼくげつ
1	春雨	はるさめ	-	はるあめ|しゅんさめ
1	青空	あおぞら	-	せいくう|あおぞろ
1	星空	ほしぞら	-	せいくう|ほしそら
1	雷雲	らいうん	-	らいくも|かみなりうん
1	雲海	うんかい	-	くもみ|うみぐも
1	初雪	はつゆき	-	しょせつ|はつせつ
1	大寒	だいかん	-	たいかん|おおさむ
1	真冬	まふゆ	-	しんとう|まふゆう
1	山頂	さんちょう	-	さんてい|やまちょう
1	山脈	さんみゃく	-	やまみゃく|さんまく
1	谷川	たにがわ	-	こくせん|たにせん
1	川岸	かわぎし	-	かわきし|せんぎし
1	湖面	こめん	-	みずうみも|こづら
1	沼地	ぬまち	-	ぬまじ|しょうじ
1	海岸	かいがん	-	かいきし|うみがん
1	砂丘	さきゅう	-	すなきゅう|さきょう
1	平野	へいや	-	へいの|たいらや
1	草原	そうげん	-	そうはら|くさげん
1	桜並木	さくらなみき	-	おうなみき|さくらへいぼく
1	稲穂	いなほ	-	いねほ|いなぼ
1	落葉	おちば	-	らくは|おちよう
1	新緑	しんりょく	-	あらみどり|しんろく
1	若葉	わかば	-	じゃくよう|わかは
1	雨樋	あまどい	-	あめとい|うひ
1	湯呑み	ゆのみ	-	ゆうのみ|とうのみ
1	茶碗	ちゃわん	-	さわん|ちゃおん
1	包丁	ほうちょう	-	ほうてい|つつみちょう
1	襟元	えりもと	-	きんげん|えりげん
1	雨合羽	あまがっぱ	-	うごうば|あめかっぱ
1	外套	がいとう	-	そととう|がいかぶり
1	御飯	ごはん	-	ぎょはん|ごめし
1	味噌汁	みそしる	-	みそじゅう|みそしゅう
1	醤油	しょうゆ	-	ひしおあぶら|しょうあぶら
1	胡椒	こしょう	-	こうしょう|こしお
1	唐辛子	とうがらし	-	からしんし|とうしんし
1	鰹節	かつおぶし	-	けんぎょせつ|かつおふし
1	天麩羅	てんぷら	-	てんふら|てんぶら
1	改札	かいさつ	-	かいふだ|あらためふだ
1	運賃	うんちん	-	うんひん|はこびちん
1	車両	しゃりょう	-	くるまりょう|しゃりや
1	汽車	きしゃ	-	きぐるま|いきしゃ
1	路地	ろじ	-	みちじ|ろち
1	春分	しゅんぶん	-	はるわけ|しゅんふん
1	秋分	しゅうぶん	-	あきわけ|しゅうふん
1	冬至	とうじ	-	ふゆいたり|とうし
1	夏至	げし	-	かし|なついたり
1	夕闇	ゆうやみ	-	せきあん|ゆうくら
1	風向き	かざむき	-	ふうこうき|かざむぎ
1	日差し	ひざし	-	にっさし|ひさし
1	日陰	ひかげ	-	にちいん|ひかぎ
1	曇天	どんてん	-	くもりてん|どんでん
1	快晴	かいせい	-	かいはれ|こころよいはれ
1	豪雨	ごうう	-	ごうあめ|たけあめ
1	雪解け	ゆきどけ	-	せつかいけ|ゆきとけ
1	霜柱	しもばしら	-	そうちゅう|しもはしら
1	垣根	かきね	-	えんこん|かきこん
1	根元	ねもと	-	ねげん|こんもと
1	雄鶏	おんどり	-	おんけい|ゆうどり
1	野鳥	やちょう	-	のとり|やどり
1	魚群	ぎょぐん	-	さかなむれ|ぎょむれ
1	血筋	ちすじ	-	けっきん|ちきん
1	目尻	めじり	-	もくこう|めしり
1	口角	こうかく	-	くちかど|こうすみ
1	山里	やまざと	-	さんざと|やまり
1	初詣	はつもうで	-	しょもうで|はつまいり
1	年越し	としこし	-	ねんこし|としごし
1	木漏れ日	こもれび	-	きもれび|こもりび
1	夕凪	ゆうなぎ	-	せきなぎ|ゆうなみ
1	風鈴	ふうりん	-	かざりん|ふうれい
1	七輪	しちりん	-	ななりん|しちわ
1	羽子板	はごいた	-	うしばん|はねこいた
1	虫眼鏡	むしめがね	-	ちゅうがんきょう|むしがんきょう
1	独り言	ひとりごと	-	どくりげん|ひとりげん
1	寝言	ねごと	-	しんごん|ねこと
1	寝癖	ねぐせ	-	しんへき|ねくせ
1	手掛かり	てがかり	-	しゅけいかり|てかかり
1	気紛れ	きまぐれ	-	きふれ|きまぶれ
1	気兼ね	きがね	-	きけんね|きかね
1	心細い	こころぼそい	-	しんさい|こころほそい
1	心構え	こころがまえ	-	しんこうえ|こころかまえ
1	幼い	おさない	-	ようい|おさのい
1	老いる	おいる	-	ろういる|おえる
1	焦る	あせる	-	しょうる|こげる
1	怠ける	なまける	-	たいける|おこたける
1	甘える	あまえる	-	かんえる|あまいる
1	騙る	かたる	-	だまる|かたれる
1	疑う	うたがう	-	ぎがう|うたかう
1	恥じる	はじる	-	ちじる|はしる
1	誇る	ほこる	-	こる|ほごる
1	妨げる	さまたげる	-	ぼうげる|さまだげる
1	強張る	こわばる	-	きょうばる|こわはる
1	眩しい	まぶしい	-	げんしい|まぶし
1	逞しい	たくましい	-	ていしい|たくまし
1	穏やか	おだやか	-	おんやか|おとやか
1	和やか	なごやか	-	わやか|ながやか
1	鋭い	するどい	-	えいい|すどい
1	頷く	うなずく	-	がんずく|うななく
1	咥える	くわえる	-	こうえる|くちえる
1	掬う	すくう	-	きくう|すいう
1	掴む	つかむ	-	かくむ|つかめ
1	纏う	まとう	-	てんう|まとお
1	結う	ゆう	-	けつう|ゆわう
1	畳む	たたむ	-	じょうむ|たたみ
1	味わう	あじわう	-	みわう|あじあう
1	微笑む	ほほえむ	-	びしょうむ|ほほむ
1	綴る	つづる	-	てつる|つずる
1	奏でる	かなでる	-	そうでる|かなてる
1	佇まい	たたずまい	-	ちょまい|たちずまい
1	蘇る	よみがえる	-	そる|よみかえる
1	慰める	なぐさめる	-	いめる|なぐさまる
1	足跡	あしあと	足後|脚後	-
1	向日葵	ひまわり	日回り|火回り	-
1	峠	とうげ	登下|遠毛	-
1	麓	ふもと	府元|不元	-
1	岬	みさき	実先|三先	-
1	渚	なぎさ	凪差|凪佐	-
1	入江	いりえ	入枝|入り絵	-
1	浅瀬	あさせ	朝瀬|浅背	-
1	紫陽花	あじさい	味彩|味菜	-
1	河原	かわら	河羅|川羅	-
1	合図	あいず	愛図|藍図	-
1	相槌	あいづち	愛槌|藍槌	-
1	相撲	すもう	須毛|素猛	-
1	挨拶	あいさつ	愛札|相札	-
1	朝寝坊	あさねぼう	朝寝房|朝寝棒	-
1	足音	あしおと	芦音|葦音	-
1	足早	あしばや	足速|足疾	-
1	余り	あまり	余里|余莉	-
1	雨宿り	あまやどり	天宿り|甘宿り	-
1	編み物	あみもの	網者|編み者	-
1	粗筋	あらすじ	粗条|阿羅筋	-
1	現れ	あらわれ	荒割|粗割	-
1	商い	あきない	秋内|空き内	-
1	宛てる	あてる	阿照る|亜照る	-
1	集まり	あつまり	厚真里|阿津真里	-
1	後味	あとあじ	跡味|後鯵	-
1	後回し	あとまわし	跡回し|跡廻し	-
1	暴れる	あばれる	阿場れる|阿婆れる	-
1	油揚げ	あぶらあげ	脂上げ|油挙げ	-
1	危ない	あぶない	危な井|危な居	-
1	飴	あめ	阿芽|亜芽	-
1	誤り	あやまり	綾毬|彩毬	-
1	泡立つ	あわだつ	泡建つ|泡断つ	-
1	慌てる	あわてる	泡てる|淡てる	-
1	哀れ	あわれ	阿割れ|亜割れ	-
1	案山子	かかし	掛菓子|香菓子	-
1	生垣	いけがき	池垣|生柿	-
1	生け花	いけばな	池華|生け鼻	-
1	一息	ひといき	人息|一意気	-
1	一際	ひときわ	人際|一木輪	-
1	一先ず	ひとまず	人先ず|一真図	-
1	一段と	いちだんと	一段途|一弾と	-
1	一番	いちばん	市番|市盤	-
1	一面	いちめん	一麺|一免	-
1	一人前	いちにんまえ	一任前|市人前	-
1	一心	いっしん	一深|一慎	-
1	一層	いっそう	一荘|一装	-
1	一体	いったい	一態|一泰	-
1	一杯	いっぱい	一排|一肺	-
1	一部	いちぶ	一武|市武	-
1	一文字	いちもんじ	市文字|一門字	-
1	一日	いちにち	一二知|一仁智	-
1	居場所	いばしょ	居場処|居馬所	-
1	息抜き	いきぬき	意気抜き|息抜木	-
1	意地悪	いじわる	維持悪|意字悪	-
1	居眠り	いねむり	居眠里|井眠り	-
1	稲妻	いなずま	稲図間|伊奈図間	-
1	今頃	いまごろ	今後路|今語呂	-
1	今更	いまさら	今皿|今沙羅	-
1	居間	いま	居麻|井真	-
1	入口	いりぐち	伊利口|入り愚痴	-
1	色合い	いろあい	色遭い|色会い	-
1	岩場	いわば	岩葉|岩羽	-
1	受け皿	うけざら	受け更|受け沙羅	-
1	薄暗い	うすぐらい	薄倉い|薄蔵い	-
1	後ろ姿	うしろすがた	後ろ巣型|後ろ須型	-
1	嘘つき	うそつき	嘘突き|宇蘇月	-
1	腕前	うでまえ	腕真絵|腕舞え	-
1	上着	うわぎ	上木|上気	-
1	浮き輪	うきわ	浮き和|浮き環	-
1	埋める	うめる	梅る|宇目る	-
1	裏口	うらぐち	裏朽ち|裏具知	-
1	上回る	うわまわる	宇和回る|上真割る	-
1	絵の具	えのぐ	絵の愚|柄の具	-
1	笑顔	えがお	絵顔|江顔	-
1	笑み	えみ	笑味|笑身	-
1	縁側	えんがわ	円側|縁皮	-
1	大雨	おおあめ	大飴|大亜目	-
1	大通り	おおどおり	大堂里|大道里	-
1	大晦日	おおみそか	大味噌日|大三十香	-
1	大慌て	おおあわて	大泡手|大淡手	-
1	大雑把	おおざっぱ	大座っ派|大座っ波	-
1	大勢	おおぜい	大税|大是意	-
1	大人しい	おとなしい	大人志い|大人詩い	-
1	大広間	おおひろま	大弘間|大広真	-
1	大雪	おおゆき	大湯木|大由木	-
1	大盛り	おおもり	大藻里|大茂里	-
1	思い出	おもいで	思居出|重い出	-
1	表向き	おもてむき	表剥き|表夢気	-
1	折り紙	おりがみ	折り神|折り加美	-
1	折角	せっかく	節角|接角	-
1	大人びる	おとなびる	大人美る|大人尾る	-
1	手慣れる	てなれる	手成れる|手名れる	-
1	物凄い	ものすごい	物凄居|物凄井	-
1	音読み	おんよみ	音詠み|恩読み	-
1	女心	おんなごころ	女御頃|女語頃	-
1	海辺	うみべ	膿辺|宇美辺	-
1	海原	うなばら	宇奈原|宇名原	-
1	海沿い	うみぞい	膿沿い|宇美沿い	-
1	買い物	かいもの	貝物|買い者	-
1	帰り道	かえりみち	帰り未知|帰り満ち	-
1	顔付き	かおつき	顔月|顔着き	-
1	飾り	かざり	飾里|飾利	-
1	片隅	かたすみ	肩隅|片住	-
1	片付け	かたづけ	肩漬け|片着け	-
1	肩身	かたみ	肩味|肩実	-
1	雷	かみなり	紙成り|髪成り	-
1	川辺	かわべ	皮辺|革辺	-
1	河口	かこう	河項|河功	-
1	空き地	あきち	秋智|亜希地	-
1	空色	そらいろ	空伊呂|空衣路	-
1	空模様	そらもよう	空模陽|空藻様	-
1	髪型	かみがた	髪肩|髪方	-
1	頑張る	がんばる	願張る|頑貼る	-
1	木陰	こかげ	子影|古影	-
1	気配	けはい	気拝|気杯	-
1	気持ち	きもち	木餅|気餅	-
1	機嫌	きげん	機元|機言	-
1	着物	きもの	木者|着者	-
1	決まり	きまり	木毬|決毬	-
1	霧雨	きりさめ	霧鮫|切鮫	-
1	口笛	くちぶえ	朽ち笛|口増え	-
1	口元	くちもと	口本|朽ち元	-
1	雲行き	くもゆき	雲雪|蜘蛛行き	-
1	曇り	くもり	雲り|曇里	-
1	暮らし	くらし	蔵志|倉志	-
1	毛糸	けいと	軽都|毛伊都	-
1	景気	けいき	景木|景記	-
1	怪しい	あやしい	綾志い|彩志い	-
1	小雨	こさめ	小佐芽|小沙芽	-
1	小道	こみち	子道|小未知	-
1	心配	しんぱい	心倍|心拝	-
1	心地よい	ここちよい	心地宵|心地酔い	-
1	言葉	ことば	事場|言場	-
1	小鳥	ことり	小取|小都里	-
1	小包	こづつみ	小筒身|小図摘み	-
1	木立	こだち	子立|木達	-
1	小遣い	こづかい	小遣衣|小塚井	-
1	粉雪	こなゆき	小名雪|子名雪	-
1	好み	このみ	好身|好実	-
1	木の葉	このは	木之歯|木の羽	-
1	細かい	こまかい	小間かい|細甲斐	-
1	米粒	こめつぶ	米津部|米津武	-
1	雨上がり	あめあがり	雨揚がり|飴上がり	-
1	最寄り	もより	模寄り|藻寄り	-
1	再び	ふたたび	二旅|蓋旅	-
1	幸せ	しあわせ	詩合わせ|志合わせ	-
1	逆さま	さかさま	坂様|逆佐間	-
1	桜	さくら	佐久等|佐久羅	-
1	錆びる	さびる	佐備る|差備る	-
1	騒ぐ	さわぐ	沢ぐ|騒具	-
1	寂しい	さびしい	錆しい|寂志い	-
1	更に	さらに	更二|更仁	-
1	五月	さつき	差月|砂月	-
1	山登り	やまのぼり	山野堀|山野彫り	-
1	潮風	しおかぜ	潮風邪|塩風邪	-
1	仕草	しぐさ	仕具さ|志草	-
1	雫	しずく	静久|志津久	-
1	静か	しずか	静課|静下	-
1	下町	したまち	舌町|下真地	-
1	下向き	したむき	舌向き|下夢気	-
1	品物	しなもの	品者|志奈物	-
1	芝生	しばふ	柴布|芝府	-
1	締切	しめきり	締霧|締桐	-
1	斜め	ななめ	七目|七芽	-
1	朱色	しゅいろ	朱伊呂|朱衣路	-
1	白髪	しらが	白賀|白画	-
1	白雪	しらゆき	白由木|白湯木	-
1	白波	しらなみ	白奈美|白名見	-
1	素直	すなお	砂緒|巣直	-
1	砂場	すなば	砂葉|砂羽	-
1	隅々	すみずみ	墨々|炭々	-
1	背中	せなか	瀬中|背仲	-
1	背伸び	せのび	瀬伸び|背延び	-
1	扇風機	せんぷうき	扇風器|扇風気	-
1	外側	そとがわ	外川|外皮	-
1	空腹	くうふく	空復|空服	-
1	空想	くうそう	空層|空奏	-
1	大根	だいこん	大魂|大紺	-
1	大丈夫	だいじょうぶ	大丈部|台丈部	-
1	大切	たいせつ	太切|泰切	-
1	高める	たかめる	高目る|高芽る	-
1	宝物	たからもの	宝者|宝藻の	-
1	滝	たき	多木|田木	-
1	竹林	ちくりん	築林|竹凛	-
1	近道	ちかみち	近満ち|近未知	-
1	力持ち	ちからもち	力茂地|力藻地	-
1	縮む	ちぢむ	知字む|千字む	-
1	土台	どだい	土代|土大	-
1	土手	どて	度手|怒手	-
1	苗木	なえぎ	苗儀|奈江儀	-
1	手品	てじな	手地名|手字名	-
1	手前	てまえ	手真江|手舞え	-
1	手頃	てごろ	手五路|手語呂	-
1	手軽	てがる	手賀流|手我流	-
1	出掛ける	でかける	出欠ける|出架ける	-
1	出来事	できごと	出来琴|出木事	-
1	手伝い	てつだい	手津台|手伝衣	-
1	手拭い	てぬぐい	手抜具い|手脱具い	-
1	手袋	てぶくろ	手福路|手部黒	-
1	手本	てほん	手翻|手帆ん	-
1	手回し	てまわし	手真和志|手間和し	-
1	遠回り	とおまわり	遠回璃|遠真和里	-
1	通り道	とおりみち	通り未知|遠里道	-
1	途中	とちゅう	途宙|途注	-
1	友達	ともだち	友立|友太刀	-
1	隣	となり	戸成|都成	-
1	飛び石	とびいし	戸美意思|都美意思	-
1	取っ手	とって	採っ手|撮っ手	-
1	夕暮れ	ゆうぐれ	優暮れ|遊暮れ	-
1	日暮れ	ひぐれ	火暮れ|比暮れ	-
1	夜明け	よあけ	世明け|余明け	-
1	朝焼け	あさやけ	浅焼け|麻焼け	-
1	夕焼け	ゆうやけ	優焼け|遊焼け	-
1	真夜中	まよなか	間夜中|魔夜中	-
1	元旦	がんたん	願端|岩端	-
1	元日	がんじつ	願実|岩実	-
1	年明け	としあけ	都市明け|戸市明け	-
1	正月	しょうがつ	章月|賞月	-
1	節分	せつぶん	説文|接文	-
1	彼岸	ひがん	日願|火願	-
1	睦月	むつき	六木|六紀	-
1	春風	はるかぜ	貼る風|張る風	-
1	春雨	はるさめ	春鮫|張る鮫	-
1	秋風	あきかぜ	空き風|飽き風	-
1	冬空	ふゆぞら	冬曽良|冬其良	-
1	青空	あおぞら	青曽良|青其良	-
1	星空	ほしぞら	星曽良|星其良	-
1	夕空	ゆうぞら	夕曽良|夕其良	-
1	雨雲	あまぐも	甘雲|尼雲	-
1	雷雲	らいうん	来運|頼運	-
1	雲海	うんかい	運海|雲界	-
1	雪雲	ゆきぐも	由紀雲|雪蜘蛛	-
1	初雪	はつゆき	発雪|初由紀	-
1	大寒	だいかん	台寒|大感	-
1	真冬	まふゆ	間冬|魔冬	-
1	山頂	さんちょう	算長|産長	-
1	山道	やまみち	山未知|山三地	-
1	山脈	さんみゃく	産脈|算脈	-
1	谷川	たにがわ	谷側|多似川	-
1	川岸	かわぎし	川義士|河義士	-
1	川下	かわしも	川霜|皮霜	-
1	川上	かわかみ	河紙|皮上	-
1	湖面	こめん	湖綿|古面	-
1	沼地	ぬまち	沼知|沼千	-
1	海岸	かいがん	海岩|開岩	-
1	海面	かいめん	階面|貝面	-
1	浜辺	はまべ	浜部|葉間辺	-
1	砂浜	すなはま	砂羽間|砂葉間	-
1	岩山	いわやま	岩矢間|岩夜魔	-
1	石段	いしだん	石断|意思段	-
1	砂丘	さきゅう	左球|差球	-
1	平野	へいや	平夜|兵夜	-
1	草原	そうげん	草源|総源	-
1	森林	しんりん	芯林|心林	-
1	桜並木	さくらなみき	桜並気|桜波木	-
1	枝豆	えだまめ	江田豆|枝真芽	-
1	稲穂	いなほ	稲帆|伊奈帆	-
1	落葉	おちば	落場|落羽	-
1	新緑	しんりょく	芯力|心緑	-
1	若葉	わかば	若場|若羽	-
1	雨樋	あまどい	雨土井|天土井	-
1	戸棚	とだな	都棚|戸田名	-
1	押入れ	おしいれ	押井れ|推井れ	-
1	湯呑み	ゆのみ	湯野実|湯乃美	-
1	茶碗	ちゃわん	茶湾|茶腕	-
1	包丁	ほうちょう	方長|法長	-
1	雨合羽	あまがっぱ	甘河童|天河童	-
1	外套	がいとう	害塔|凱塔	-
1	毛布	もうふ	妄符|猛府	-
1	布団	ふとん	府屯|不屯	-
1	御飯	ごはん	娯判|語飯	-
1	味噌汁	みそしる	未祖汁|美祖汁	-
1	漬物	つけもの	津毛物|津家物	-
1	醤油	しょうゆ	章油|賞油	-
1	胡椒	こしょう	古章|湖章	-
1	唐辛子	とうがらし	塔柄子|東柄子	-
1	鰹節	かつおぶし	勝男節|勝尾節	-
1	豆腐	とうふ	塔府|東府	-
1	納豆	なっとう	納塔|納糖	-
1	天麩羅	てんぷら	天布羅|天府羅	-
1	改札	かいさつ	快札|海札	-
1	運賃	うんちん	運珍|雲珍	-
1	車両	しゃりょう	車量|写量	-
1	汽車	きしゃ	記車|木車	-
1	路地	ろじ	路次|炉地	-
1	春分	しゅんぶん	春文|旬文	-
1	秋分	しゅうぶん	秋文|周文	-
1	冬至	とうじ	塔時|東時	-
1	夏至	げし	下紙|下志	-
1	夕映え	ゆうばえ	優映え|遊映え	-
1	夕闇	ゆうやみ	優病み|遊病み	-
1	風向き	かざむき	風剥き|風夢気	-
1	日差し	ひざし	火差し|緋差し	-
1	日陰	ひかげ	火陰|緋影	-
1	曇天	どんてん	鈍天|呑天	-
1	快晴	かいせい	海清|階清	-
1	豪雨	ごうう	号雨|郷雨	-
1	雪解け	ゆきどけ	雪土気|雪度家	-
1	霜柱	しもばしら	霜場白|霜橋羅	-
2	煙草	たばこ	-	えんぞう|けむりぐさ|たばく
2	玩具	おもちゃ	-	あそびぐ|がんき
2	烏賊	いか	-	うぞく|からすいか|うか
2	河豚	ふぐ	-	かどん|かわぶた
2	胡瓜	きゅうり	-	こか|こうり
2	南瓜	かぼちゃ	-	みなみか|みなみうり
2	硯	すずり	-	いしずり|すずろ|すずる
2	襖	ふすま	-	ふくま|ふすも|ふすめ
2	菖蒲	しょうぶ	-	しょうほ|しょうふ|しょうぼ
2	桔梗	ききょう	-	きつきょう|きっこう|ききょ
2	鴎	かもめ	-	かも|かもう
2	鶯	うぐいす	-	うぐい|うぐりす
2	箪笥	たんす	-	たんし|だんす|たんず
2	木枯らし	こがらし	-	きがらし|もくこらし
2	暖簾	のれん	-	だんれん|だんれい
2	土筆	つくし	-	とひつ|つちふで
2	蒲公英	たんぽぽ	-	ぶこうえい|がまこうえい
2	道標	みちしるべ	-	どうしるべ|みちひょう
2	秋桜	こすもす	-	しゅうおう|しゅうざくら
2	湖畔	こはん	-	こへん|こがん|こばん
2	薔薇	ばら	-	ばしょう|そうら|ばろ
2	銀杏	いちょう	-	きんきょう|ぎんこう
2	蜻蛉	とんぼ	-	とんろ|とんれい
2	海豚	いるか	-	うみぶた|かいぶた|いるこ
2	土竜	もぐら	-	どりょう|つちりゅう
2	河馬	かば	-	かま|こうば
2	駱駝	らくだ	-	らくた|らくだん|ろくだ
2	海星	ひとで	-	うみて|ほしで
2	海月	くらげ	-	うみづき|みづき
2	五月雨	さみだれ	-	ごがつあめ|ごがつさめ
2	時雨	しぐれ	-	ときう|ときあめ
2	陽炎	かげろう	-	ようかげ|ひえん
2	流石	さすが	-	りゅうせき|ながれいし
2	仲人	なこうど	-	ちゅうじん|なかもの
2	若人	わこうど	-	じゃくじん|わかじん
2	欠伸	あくび	-	けっしん|けっし
2	予め	あらかじめ	-	よめ|よじめ|あらかじ
2	概ね	おおむね	-	がいね|おおむな
2	芹	せり	-	せい|せに
2	忖度	そんたく	-	そんど|ぞんたく|そんだく
2	如何	いかが	-	にょか|いなん
2	慟哭	どうこく	-	どうごく|とうこく
2	蕗	ふき	-	ふうき|ぶき
2	狡猾	こうかつ	-	こうけつ|こうかち|こうがつ
2	躓く	つまずく	-	ちくずく|ちまずく
2	迂闊	うかつ	-	うかち|ゆうかつ|うがつ
2	膠着	こうちゃく	-	きょうちゃく|こうじゃく|こうちょく
2	太刀魚	たちうお	-	たいとうお|たちぎょ|たちいお
2	踏襲	とうしゅう	-	とうしゅ|とうじゅう|とうしゅく
2	蕨	わらび	-	わら|わらく
2	逼迫	ひっぱく	-	ひつはく|ひひゃく|ふっぱく
2	錯綜	さくそう	-	さっそう|さくぞう|さくろう
2	山茶花	さざんか	-	さんちゃげ|やまさか
2	沈丁花	じんちょうげ	-	ちんていげ|じんこうげ
2	金木犀	きんもくせい	-	きんもくしょう|かねきせい|きんもくさい
2	梟	ふくろう	-	ふくちょう|ふうきょう
2	雁	かり	-	かん|がんどり
2	隼	はやぶさ	-	はやとり|しゅんちょう
2	鴫	しぎ	-	ししぎ|しさぎ
2	鷺	さぎ	-	ろちょう|さき
2	宴	うたげ	-	えんげ|うたえ
2	鰹	かつお	-	かつうお|かつぎょ
2	鮪	まぐろ	-	まくろ|ゆうぎょ
2	鰤	ぶり	-	せり|かり
2	道程	みちのり	-	どうてん|ろてい
2	早瀬	はやせ	-	そうせ|はやぜ
2	淀み	よどみ	-	ていみ|よどむ|よどめ
2	鰻	うなぎ	-	うなうお|うなぎょ
2	秋刀魚	さんま	-	しゅうとうぎょ|あきたちうお
2	谷間	たにま	-	こっかん|こくかん
2	鰈	かれい	-	かれうお|かれえ|かれいぎょ
2	牛蒡	ごぼう	-	ぎゅうぼう|うしぼう|ごほう
2	蓮根	れんこん	-	れんね|れんけい
2	蕪	かぶ	-	かふ|かぶな
2	茄子	なす	-	なこ|なすこ
2	筍	たけのこ	-	ちくじゅん|たけご
2	茗荷	みょうが	-	めいか|みょうか|みょうけ
2	山椒	さんしょう	-	やまこしょう|さんせい|さんじょう
2	柚子	ゆず	-	ゆうし|ゆうず
2	鴇	とき	-	ときどり|とぎ
2	鱒	ます	-	ますうお|しょう
2	枇杷	びわ	-	ひは|びば
2	金柑	きんかん	-	きんこう|きんこん
2	鱈	たら	-	たらうお|だら|たろ
2	穴子	あなご	-	けっし|あなうお
2	沢庵	たくあん	-	さわあん|たくやす|たっくあん
2	敢えて	あえて	-	かんえて|あえで
2	厳か	おごそか	-	おごそ|げんか
2	艶やか	あでやか	-	つやらか|えんやか|あでか
2	華奢	きゃしゃ	-	かしゃく|けしゃ
2	清々しい	すがすがしい	-	せいせいしい|きよきよしい
2	拙い	まずい	-	せつい|まずし
2	疎い	うとい	-	そい|そかい
2	滅多	めった	-	めつた|めったい
2	無闇	むやみ	-	むえん|むやく|むやま
2	鰯	いわし	-	いわうお|いわじ
2	鯵	あじ	-	あじうお|かいみ
2	鯖	さば	-	さめ|さばうお
2	鮭	さけ	-	さか|さけうお
2	鯛	たい	-	だい|たいぎょ
2	為替	かわせ	-	かいか|ためかえ
2	心算	つもり	-	しんかん|こころざん
2	草鞋	わらじ	-	くさぐつ|くつわら
2	頭巾	ずきん	-	ずこん|とうこん
2	法被	はっぴ	-	ほうひ|ほうひつ
2	羽織	はおり	-	うい|はおれ|はおい
2	行李	こうり	-	こうりょう|こうすもも
2	葛籠	つづら	-	かつろう|かつこ
2	雪駄	せった	-	せつだ|ゆきだ|せっか
2	半纏	はんてん	-	はんて|はんけん
2	蚊帳	かや	-	ぶんとばり|かとばり
2	炬燵	こたつ	-	きょとう|ことう|きょたつ
2	饂飩	うどん	-	おんどん|うんだん
2	蕎麦	そば	-	そむぎ|そめん
2	素麺	そうめん	-	そめん|すめん
2	饅頭	まんじゅう	-	ばんとう|まんとう|まんじゅ
2	煎餅	せんべい	-	せんもち|せんへい|せんべ
2	羊羹	ようかん	-	ようこう|ようかく
2	神酒	みき	-	しんさけ|みしゅ
2	御萩	おはぎ	-	おはな|おぎ
2	若布	わかめ	-	じゃくふ|わかぬの
2	鳥居	とりい	-	ちょうきょ|とりいど
2	海蘊	もずく	-	かいうん|かいそう
2	蒲鉾	かまぼこ	-	ほこう|かばこ
2	竹輪	ちくわ	-	ちくりん|たけわ
2	雑炊	ぞうすい	-	ざっすい|ざつすい|ぞうずい
2	氏子	うじこ	-	しし|うじっこ
2	濁酒	どぶろく	-	だくざけ|どくしゅ
2	味醂	みりん	-	みれい|みりょう|みろん
2	巫女	みこ	-	ぶじょ|みこじょ
2	山女	やまめ	-	さんじょ|やまむすめ
2	岩魚	いわな	-	がんぎょ|いわうお
2	公魚	わかさぎ	-	こうぎょ|わかうお
2	鵞鳥	がちょう	-	がどり|がんちょう
2	家鴨	あひる	-	かちょう|いえがも
2	雉子	きじ	-	ちし|きじどり
2	雉鳩	きじばと	-	ちきゅう|きじはと
2	山雀	やまがら	-	さんじゃく|やまからす
2	頬白	ほおじろ	-	ほおしろ|ほほあか
2	宮司	ぐうじ	-	きゅうし|ぐうし|ぐうじん
2	海豹	あざらし	-	かいひょうじゅう|うみひょう|あざら
2	海驢	あしか	-	かいろ|うみろ
2	海象	せいうち	-	かいじょう|うみぞう
2	境内	けいだい	-	きょうない|さかいうち
2	川獺	かわうそ	-	せんだつ|かわだつ
2	針鼠	はりねずみ	-	しんそ|はりねこ
2	洗熊	あらいぐま	-	せんゆう|あらいくま
2	禰宜	ねぎ	-	ねぎい|でぎ|ねぎょ
2	蝙蝠	こうもり	-	べんぷく|へんぶく
2	守宮	やもり	-	しゅきゅ|もりみや
2	神楽	かぐら	-	しんらく|じんらく|かぐれ
2	神輿	みこし	-	しんこ|みこ
2	行脚	あんぎゃ	-	ぎょうきゃく|こうかく
2	托鉢	たくはつ	-	たくばつ|たくはち
2	老舗	しにせ	-	ろうみせ|ろうてん
2	蜘蛛	くも	-	ちちょ|しゅしゅ|くうも
2	胡桃	くるみ	-	ことう|こもも|くるも
2	団栗	どんぐり	-	だんりつ|たんぐり
2	檸檬	れもん	-	れいもう|れいもん|れも
2	柑子	こうじ	-	かんし|かんこ
2	枸杞	くこ	-	くこう|くし
2	茱萸	ぐみ	-	ぐゆ|じゅみ
2	数珠	じゅず	-	すうじゅ|すじゅ
2	撫子	なでしこ	-	ぶし|なでこ
2	竜胆	りんどう	-	りゅうだん|りょうたん
2	硝子	がらす	-	しょうせき|がらず
2	素面	しらふ	-	すがお|しろめん
2	瑠璃	るり	-	りゅうり|るれい
2	琥珀	こはく	-	こひゃく|こびゃく
2	袈裟	けさ	-	けしゃ|かさ
2	珊瑚	さんご	-	さんこ|さんごう
2	瑪瑙	めのう	-	ばのう|めなお
2	読経	どきょう	-	とくきょう|どこう
2	悪阻	つわり	-	あくそ|あくし
2	燐寸	まっち	-	りんすん|りんじゅん
2	蝋燭	ろうそく	-	ろうしょく|ろうたけ
2	金槌	かなづち	-	きんつい|きんち|かなつち
2	玄能	げんのう	-	げんどう|くろのう
2	螺子	ねじ	-	らす|らじ|ねじこ
2	脚立	きゃたつ	-	きゃくりつ|あしだち
2	供物	くもつ	-	きょうもつ|くぶつ
2	束子	たわし	-	そくし|たばこ|たわじ
2	雑巾	ぞうきん	-	ざっきん|そうきん
2	漏斗	じょうご	-	ろうど|ろうとう
2	徳利	とっくり	-	とくい|とくりょ|とっくい
2	猪口	ちょこ	-	いのくち|ちょぐち
2	急須	きゅうす	-	きゅうず|きゅうしゅ
2	庫裏	くり	-	こり|くらうら
2	伽藍	がらん	-	かんらん|かれん
2	茶筅	ちゃせん	-	ちゃせつ|ちゃぜん|ちゃせ
2	精舎	しょうじゃ	-	せいどう|しょうしゃ
2	五徳	ごとく	-	ごえ|ごうとく
2	擂鉢	すりばち	-	らいはち|すりはつ
2	算盤	そろばん	-	さんいた|すうばん
2	帳面	ちょうめん	-	ちょうめ|ちょうめい
2	荼毘	だび	-	ちゃび|だいび
2	涅槃	ねはん	-	ねっぱん|ねはち
2	羅漢	らかん	-	らか|らがん|らけん
2	眩暈	めまい	-	げんいん|めくらみ
2	瘡蓋	かさぶた	-	そうがい|かさがい
2	面皰	にきび	-	めんほ|めんほう
2	旋毛	つむじ	-	せんけ|うずげ|つむげ
2	菩薩	ぼさつ	-	ぼせつ|ぼさじ|ぼさく
2	閻魔	えんま	-	えんば|えんか|えんも
2	山車	だし	-	さんぐるま|やまくるま
2	囃子	はやし	-	そうし|はやこ|ばやし
2	氷雨	ひさめ	-	こおりあめ|れいう
2	細雪	ささめゆき	-	しろゆき|ほそゆき
2	風花	かざはな	-	ふうけ|かぜはな
2	手水	ちょうず	-	しゅすい|てみ
2	東屋	あずまや	-	とうおく|あずまおく
2	築地	ついじ	-	ちくど|ついち
2	長押	なげし	-	ちょうおう|ながし
2	唐紙	からかみ	-	とうかみ|からし
2	潮騒	しおさい	-	ちょうそう|しおね
2	白夜	びゃくや	-	はくよ|はくちゅう|びゃくよ
2	屏風	びょうぶ	-	へいふう|へいふ
2	茣蓙	ござ	-	ござん|ござき
2	欄間	らんま	-	らんかん|らんど
2	稲光	いなびかり	-	いなひかり|いねひかり
2	母屋	おもや	-	ぼおく|ははや
2	納戸	なんど	-	のうこ|のうや|なんこ
2	鴨居	かもい	-	おうきょ|かもど
2	単衣	ひとえ	-	たんふく|ひときぬ
2	麦秋	ばくしゅう	-	ばくあき|ばくか
2	入梅	にゅうばい	-	にゅうめ|にゅうう
2	襦袢	じゅばん	-	じゅはん|じゅはく|しゅばん
2	友禅	ゆうぜん	-	ゆうせん|ともぜん
2	生粋	きっすい	-	せいすい|きせい
2	律儀	りちぎ	-	りつき|りつぎょう|りちき
2	愛嬌	あいきょう	-	あいけい|あいごう
2	剽軽	ひょうきん	-	ひょうがる|ひょうかる
2	八朔	はっさく	-	はっさつ|はちさく|はつさく
2	洒脱	しゃだつ	-	しゅだつ|しゃだち|しゃたつ
2	師走	しわす	-	しそう|しばしり
2	如月	きさらぎ	-	にょがつ|にょげつ
2	弥生	やよい	-	やせい|やおい
2	卯月	うづき	-	ぼうげつ|うづく
2	文月	ふみづき	-	ぶんげつ|もじつき|ぶみづき
2	葉月	はづき	-	はげつ|ようげつ|はづく
2	長月	ながつき	-	ちょうげつ|ちょうづき
2	霜月	しもつき	-	しもげつ|しもひ
2	晦日	みそか	-	かいび|くらび
2	朔日	ついたち	-	さくび|さくにち
2	日和	ひより	-	にちわ|ひよみ
2	田圃	たんぼ	-	たんぽ|たほ
2	畦道	あぜみち	-	けいどう|あぜろ
2	闊達	かったつ	-	かつたつ|かったち
2	山間	やまあい	-	やまかん|やまあいだ
2	強面	こわもて	-	きょうめん|つよおもて
2	相好	そうごう	-	そうこう|しょうこう|そうぼう
2	形相	ぎょうそう	-	かたちそう|ぎょうしょう
2	気障	きざ	-	きしょう|けしょう|きさ
2	河床	かしょう	-	こうしょう|かせき
2	虚仮	こけ	-	こか|きょけ
2	敷居	しきい	-	ふきょ|しきょ
2	縮緬	ちりめん	-	しゅくめん|ちぢれめん|ちりめ
2	健気	けなげ	-	けんき|げんき|けなき
2	干潟	ひがた	-	かんせき|ほしがた|ひかた
2	更紗	さらさ	-	こうしゃ|さらしゃ|さらす
2	手練	てだれ	-	てねり|しゅれい|てれ
2	瀑布	ばくふ	-	ばくぬの|ぼうふ
2	手管	てくだ	-	しゅかん|てかん
2	手筈	てはず	-	しゅはず|てず|てばず
2	手際	てぎわ	-	しゅさい|てざい|てぎれ
2	生業	なりわい	-	しょうぎょう|なりごう|なりわざ
2	魂胆	こんたん	-	こんだん|ごんたん
2	算段	さんだん	-	さんたん|そろばんだん
2	祝詞	のりと	-	のりこと|いわいことば|のりとう
2	思惑	おもわく	-	おもいわく|おもいまどい
2	了見	りょうけん	-	りょうみ|りょうげん
2	葛藤	かっとう	-	かつとう|かっどう
2	確執	かくしつ	-	かくじつ|かくじゅう|かっしつ
2	脆弱	ぜいじゃく	-	ぜいじゃっく|きじゃく
2	憧憬	しょうけい	-	しょうけ|しょうきょう
2	払拭	ふっしょく	-	ふつしき|ふっしょう
2	拙速	せっそく	-	せつそく|せっぞく
2	稚拙	ちせつ	-	ちせち|ちせい
2	緻密	ちみつ	-	ちしつ|ちびつ
2	精緻	せいち	-	せいじ|せいちつ|せいし
2	廉価	れんか	-	れんが|れんけ|れんこ
2	矜持	きょうじ	-	きょうし|こんじ|きょうち
2	辟易	へきえき	-	へきい|へきやく
2	蘊蓄	うんちく	-	うんちょく|おんちく
2	進捗	しんちょく	-	しんじょう|しんじょく
2	相殺	そうさい	-	しょうさい|そうせつ|そうせい
2	重複	ちょうふく	-	ちょうふう|じゅうふう
2	代替	だいたい	-	だいたえ|たいがい|だいてい
2	続柄	つづきがら	-	ぞくへい|つづきえ
2	凡例	はんれい	-	はんれつ|ぼんれき
2	間髪	かんはつ	-	かんばち|まがみ
2	貼付	ちょうふ	-	ちょうぶ|ちょうつき
2	早急	さっきゅう	-	さっきゅ|そうきゅく|さきゅう
2	出納	すいとう	-	すいのう|しゅつとう
2	建立	こんりゅう	-	けんりゅつ|けんりゅう
2	市井	しせい	-	ししょう|いちせい
2	所以	ゆえん	-	ところゆえ|ゆいん
2	遵守	じゅんしゅ	-	じゅんじゅ|じゅんす
2	更迭	こうてつ	-	こうちつ|こうせつ|こうでつ
2	漸次	ぜんじ	-	ざんじ|ぜんし
2	煙草	たばこ	多葉子|田葉子	-
2	玩具	おもちゃ	御模茶|緒茂茶	-
2	烏賊	いか	伊蚊|衣蚊	-
2	河豚	ふぐ	府具|富具	-
2	胡瓜	きゅうり	球里|給里	-
2	南瓜	かぼちゃ	加母茶|華母茶	-
2	菖蒲	しょうぶ	菖武|菖部|尚蒲	-
2	桔梗	ききょう	紀京|気京	-
2	箪笥	たんす	単笥|短栖	-
2	木枯らし	こがらし	小枯らし|子枯らし	-
2	暖簾	のれん	野簾|乃簾	-
2	土筆	つくし	津久志|津句志	-
2	蒲公英	たんぽぽ	丹歩歩|端歩歩	-
2	道標	みちしるべ	道知る辺|路知る辺	-
2	秋桜	こすもす	古須藻須|小須藻須	-
2	湖畔	こはん	湖半|湖版	-
2	薔薇	ばら	芭羅|馬羅	-
2	銀杏	いちょう	伊長|衣帳	-
2	蜻蛉	とんぼ	屯母|頓母	-
2	海豚	いるか	居留蚊|伊流蚊	-
2	土竜	もぐら	藻蔵|藻倉	-
2	河馬	かば	蚊場|華場	-
2	駱駝	らくだ	楽駄|駱陀	-
2	海星	ひとで	比戸出|日都出	-
2	海月	くらげ	蔵毛|倉毛	-
2	五月雨	さみだれ	沙美垂れ|佐見垂れ	-
2	時雨	しぐれ	志暮|詩暮	-
2	陽炎	かげろう	影廊|陰廊	-
2	流石	さすが	差菅|左菅	-
2	仲人	なこうど	名工土|奈幸土	-
2	若人	わこうど	和工土|輪幸土	-
2	欠伸	あくび	悪美|握美	-
2	予め	あらかじめ	荒かじめ|粗かじめ	-
2	概ね	おおむね	大無ね|大夢ね	-
2	忖度	そんたく	尊託|村宅	-
2	如何	いかが	伊加賀|衣香賀	-
2	慟哭	どうこく	動哭|童哭|働哭	-
2	狡猾	こうかつ	巧猾|狡活|巧活	-
2	躓く	つまずく	津間図く|津魔図く	-
2	迂闊	うかつ	迂活|迂喝	-
2	膠着	こうちゃく	硬着|交着	-
2	太刀魚	たちうお	多知魚|立ち魚	-
2	踏襲	とうしゅう	踏習|登襲|踏修	-
2	逼迫	ひっぱく	必迫|筆迫|逼拍	-
2	錯綜	さくそう	錯想|作綜|錯送	-
2	山茶花	さざんか	佐残花|沙残香	-
2	沈丁花	じんちょうげ	仁長下|陣長下	-
2	金木犀	きんもくせい	金木星|金木青	-
2	道程	みちのり	道糊|路海苔	-
2	早瀬	はやせ	早背|葉屋瀬	-
2	淀み	よどみ	余止み|夜止み	-
2	秋刀魚	さんま	三馬|山馬	-
2	谷間	たにま	他二間|田荷間	-
2	牛蒡	ごぼう	吾棒|午棒	-
2	蓮根	れんこん	連紺|恋根	-
2	茄子	なす	菜酢|名酢	-
2	茗荷	みょうが	明荷|名荷	-
2	山椒	さんしょう	山生|三小	-
2	柚子	ゆず	由豆|湯図	-
2	枇杷	びわ	枇和|微和	-
2	金柑	きんかん	金甘|金坎	-
2	穴子	あなご	穴護|阿名御	-
2	沢庵	たくあん	多久庵|他久庵	-
2	敢えて	あえて	阿絵て|亜得て	-
2	厳か	おごそか	緒御楚か|尾御曽か	-
2	艶やか	あでやか	阿出やか|亜出やか	-
2	清々しい	すがすがしい	須賀須賀しい|巣賀巣賀しい	-
2	拙い	まずい	真図い|魔豆い	-
2	疎い	うとい	宇戸い|卯戸い	-
2	滅多	めった	滅田|滅他|滅打	-
2	無闇	むやみ	無夜見|無矢見	-
2	為替	かわせ	可和世|香輪瀬	-
2	心算	つもり	津茂里|津藻利	-
2	草鞋	わらじ	藁地|和羅地	-
2	頭巾	ずきん	図巾|豆巾	-
2	法被	はっぴ	発被|発比	-
2	羽織	はおり	羽折|葉折	-
2	行李	こうり	行理|行里	-
2	葛籠	つづら	綴羅|続羅	-
2	雪駄	せった	節駄|接駄	-
2	半纏	はんてん	判天|繁天	-
2	蚊帳	かや	華夜|課夜	-
2	炬燵	こたつ	古達|小辰	-
2	饂飩	うどん	宇鈍|宇丼	-
2	蕎麦	そば	祖葉|素場	-
2	素麺	そうめん	層綿|奏面	-
2	饅頭	まんじゅう	万重|満重	-
2	煎餅	せんべい	煎塀|千塀	-
2	羊羹	ようかん	羊寒|陽柑|羊柑	-
2	神酒	みき	魅気|未器	-
2	御萩	おはぎ	尾葉木|御葉木	-
2	若布	わかめ	和香女|輪華芽	-
2	鳥居	とりい	鳥衣|都里井	-
2	海蘊	もずく	藻津久|茂図久	-
2	蒲鉾	かまぼこ	鎌鉾|釜鉾	-
2	竹輪	ちくわ	竹和|築和	-
2	雑炊	ぞうすい	像水|蔵水	-
2	氏子	うじこ	氏児|宇治児	-
2	濁酒	どぶろく	土部路久|度武呂久	-
2	味醂	みりん	魅輪|未燐	-
2	巫女	みこ	巳湖|魅古	-
2	山女	やまめ	山芽|山眼	-
2	岩魚	いわな	岩那|岩菜	-
2	公魚	わかさぎ	若佐木|和香佐木	-
2	鵞鳥	がちょう	我鳥|賀鳥	-
2	家鴨	あひる	亜日流|阿飛留	-
2	雉子	きじ	木字|紀字	-
2	雉鳩	きじばと	紀字鳩|木字鳩	-
2	山雀	やまがら	山柄|山殻	-
2	宮司	ぐうじ	宮字|宮事	-
2	海豹	あざらし	痣羅志|阿座羅志	-
2	海驢	あしか	亜志蚊|足香	-
2	海象	せいうち	西打ち|聖打ち	-
2	境内	けいだい	景台|慶台	-
2	川獺	かわうそ	川嘘|河嘘	-
2	針鼠	はりねずみ	針根済み|針音済み	-
2	洗熊	あらいぐま	荒井熊|粗井熊	-
2	禰宜	ねぎ	根儀|根義	-
2	蝙蝠	こうもり	香森|光森	-
2	守宮	やもり	矢森|夜森	-
2	神楽	かぐら	香具羅|加倶羅	-
2	神輿	みこし	巳古志|美湖志	-
2	托鉢	たくはつ	托発|宅発	-
2	老舗	しにせ	市二瀬|志仁瀬	-
2	蜘蛛	くも	玖藻|久茂	-
2	胡桃	くるみ	久留実|玖流美	-
2	団栗	どんぐり	鈍栗|丼栗	-
2	柑子	こうじ	幸字|高字	-
2	枸杞	くこ	玖湖|区古	-
2	茱萸	ぐみ	具実|愚美	-
2	数珠	じゅず	寿図|樹豆	-
2	撫子	なでしこ	奈出志子|名出詩子	-
2	竜胆	りんどう	輪堂|燐道	-
2	硝子	がらす	柄巣|伽羅巣	-
2	素面	しらふ	白麩|白符	-
2	琥珀	こはく	湖白|琥白	-
2	袈裟	けさ	袈沙|家紗	-
2	珊瑚	さんご	山五|珊護	-
2	瑪瑙	めのう	芽能|女能	-
2	読経	どきょう	度京|土教	-
2	悪阻	つわり	津割|津和里	-
2	燐寸	まっち	末地|抹地	-
2	蝋燭	ろうそく	老足|楼側	-
2	金槌	かなづち	金土|仮名土	-
2	玄能	げんのう	玄農|元能	-
2	螺子	ねじ	寝字|根字	-
2	供物	くもつ	久物|玖物	-
2	束子	たわし	田和紙|多和志	-
2	雑巾	ぞうきん	像巾|蔵巾	-
2	漏斗	じょうご	城五|情語	-
2	徳利	とっくり	得栗|特栗	-
2	猪口	ちょこ	猪子|猪小	-
2	急須	きゅうす	急巣|急栖	-
2	庫裏	くり	句里|苦利	-
2	伽藍	がらん	伽乱|伽覧	-
2	茶筅	ちゃせん	茶線|茶千	-
2	精舎	しょうじゃ	章蛇|賞蛇	-
2	五徳	ごとく	語匿|吾特	-
2	擂鉢	すりばち	須里鉢|寿里鉢	-
2	算盤	そろばん	曽路盤|祖呂板	-
2	帳面	ちょうめん	長面|超面	-
2	荼毘	だび	荼美|打美	-
2	涅槃	ねはん	涅般|涅幡	-
2	羅漢	らかん	羅官|羅冠	-
2	眩暈	めまい	芽舞|女舞	-
2	瘡蓋	かさぶた	傘豚|笠豚	-
2	面皰	にきび	二木美|仁気美	-
2	旋毛	つむじ	津無地|津無字	-
2	菩薩	ぼさつ	菩殺|菩察|菩札	-
2	閻魔	えんま	閻間|炎魔	-
2	山車	だし	陀志|田志	-
2	囃子	はやし	早志|葉屋志	-
2	氷雨	ひさめ	日鮫|緋鮫	-
2	細雪	ささめゆき	笹目雪|沙々目雪	-
2	風花	かざはな	風鼻|風葉奈	-
2	手水	ちょうず	長図|帳図	-
2	東屋	あずまや	阿豆間屋|亜図間屋	-
2	築地	ついじ	津井地|津井字	-
2	長押	なげし	名下志|奈下志	-
2	唐紙	からかみ	殻紙|辛紙	-
2	潮騒	しおさい	潮祭|潮際	-
2	白夜	びゃくや	白屋|白矢	-
2	屏風	びょうぶ	屏布|屏部	-
2	茣蓙	ござ	語座|護座	-
2	欄間	らんま	欄馬|乱間	-
2	稲光	いなびかり	伊奈美加里|稲美刈り	-
2	母屋	おもや	緒茂屋|尾母屋	-
2	納戸	なんど	南戸|難戸	-
2	鴨居	かもい	鴨衣|鴨以	-
2	単衣	ひとえ	人絵|一絵	-
2	麦秋	ばくしゅう	爆周|漠周	-
2	入梅	にゅうばい	入倍|入売	-
2	襦袢	じゅばん	襦伴|襦板|襦半	-
2	友禅	ゆうぜん	友前|優禅	-
2	生粋	きっすい	喫翠|詰粋	-
2	律儀	りちぎ	理知儀|利智義	-
2	愛嬌	あいきょう	愛教|愛鏡	-
2	剽軽	ひょうきん	表金|票金	-
2	八朔	はっさく	八作|八策|八索	-
2	洒脱	しゃだつ	斜脱|車脱	-
2	師走	しわす	詩和須|志輪巣	-
2	如月	きさらぎ	紀更儀|気皿義	-
2	弥生	やよい	夜宵|矢宵	-
2	卯月	うづき	羽月|宇月	-
2	文月	ふみづき	府美月|富美月	-
2	葉月	はづき	刃月|波月	-
2	長月	ながつき	永月|名賀月	-
2	霜月	しもつき	下月|志茂月	-
2	晦日	みそか	味噌香|美蘇花	-
2	朔日	ついたち	津伊田地|津井多知	-
2	日和	ひより	火寄り|緋寄り	-
2	田圃	たんぼ	田保|田穂	-
2	畦道	あぜみち	畦満ち|畦未知	-
2	闊達	かったつ	喝達|割達	-
2	山間	やまあい	山亜衣|矢間阿井	-
2	強面	こわもて	怖持て|強持て	-
2	相好	そうごう	奏号|層合	-
2	形相	ぎょうそう	業層|仰奏	-
2	気障	きざ	気座|木座	-
2	河床	かしょう	河庄|河礁	-
2	虚仮	こけ	古家|湖毛	-
2	敷居	しきい	敷井|式居|敷囲	-
2	縮緬	ちりめん	塵面|塵麺	-
2	健気	けなげ	家名下|毛菜下	-
2	干潟	ひがた	日型|火形	-
2	更紗	さらさ	左羅佐|砂羅差	-
2	手練	てだれ	手田礼|手打礼	-
2	瀑布	ばくふ	麦府|麦符	-
2	手管	てくだ	手九打|手久田	-
2	手筈	てはず	手羽図|手葉図	-
2	手際	てぎわ	手儀和|手義輪	-
2	生業	なりわい	成輪居|奈利和意	-
2	魂胆	こんたん	根胆|魂単|魂探	-
2	算段	さんだん	算壇|算談|算断	-
2	祝詞	のりと	則戸|乃利戸	-
2	思惑	おもわく	思和句|重和句	-
2	了見	りょうけん	良見|領見	-
2	葛藤	かっとう	渇藤|喝藤	-
2	確執	かくしつ	確質|角執	-
2	脆弱	ぜいじゃく	税弱|脆寂	-
2	憧憬	しょうけい	憧経|憧計	-
2	払拭	ふっしょく	払職|弗職	-
2	拙速	せっそく	切速|節速|拙足	-
2	稚拙	ちせつ	稚切|稚説|遅拙	-
2	緻密	ちみつ	知密|緻蜜	-
2	精緻	せいち	星知|成智	-
2	廉価	れんか	連化|廉菓	-
2	矜持	きょうじ	矜侍|矜地	-
2	辟易	へきえき	壁益|癖益	-
2	蘊蓄	うんちく	雲築|運築	-
2	進捗	しんちょく	進直|進勅	-
2	相殺	そうさい	相裁|奏祭	-
2	重複	ちょうふく	重福|重副|重幅	-
2	代替	だいたい	題滞|台泰	-
2	続柄	つづきがら	続殻|続我良	-
2	凡例	はんれい	凡礼|凡令	-
2	間髪	かんはつ	間発|間初	-
2	貼付	ちょうふ	帳譜|張譜	-
2	早急	さっきゅう	作急|冊急	-
2	出納	すいとう	粋塔|翠灯	-
2	建立	こんりゅう	根竜|魂流	-
2	市井	しせい	詩声|志清	-
2	所以	ゆえん	湯円|由園	-
2	遵守	じゅんしゅ	純主|準朱	-
2	更迭	こうてつ	更鉄|更哲|交徹	-
2	漸次	ぜんじ	漸事|漸治|漸自	-
2	曖昧	あいまい	愛昧|哀昧	-
2	悪戯	いたずら	板図羅|伊多図羅	-
2	会釈	えしゃく	絵釈|江釈	-
2	横柄	おうへい	応弊|央塀	-
2	頑な	かたくな	片久な|型久な	-
2	賽銭	さいせん	再銭|彩銭	-
2	雑魚	ざこ	座子|挫子	-
2	桟敷	さじき	佐磁器|左字木	-
2	五月蝿い	うるさい	宇留才|羽流彩	-
2	白粉	おしろい	御白井|尾白衣	-
2	地団駄	じだんだ	字段打|地段打	-
2	注連縄	しめなわ	締名輪|志芽縄	-
2	台詞	せりふ	芹布|瀬里譜	-
2	手薬煉	てぐすね	手具脛|手具須根	-
2	野点	のだて	乃打手|野駄手	-
2	野暮	やぼ	矢母|夜保	-
2	葉書	はがき	歯賀木|羽画木	-
2	一頻り	ひとしきり	人志切り|一志切り	-
2	不束	ふつつか	府津都下|不津津香	-
2	目論見	もくろみ	木路美|黙路実	-
2	割烹	かっぽう	活包|喝砲	-
2	御神籤	おみくじ	尾美久字|緒実玖字	-
2	紙縒り	こより	湖余里|古世利	-
2	金平糖	こんぺいとう	根塀糖|魂平糖	-
2	風情	ふぜい	不税|府勢	-
2	凸凹	でこぼこ	出子母子|出古母湖	-
2	素性	すじょう	巣城|須情	-
2	面子	めんつ	面津|綿津	-
2	真面目	まじめ	真地目|魔字目	-
2	一見	いちげん	市言|一源	-
2	木乃伊	みいら	美衣羅|実伊良	-
2	酢橘	すだち	須田地|寿太知	-
2	姑息	こそく	古即|孤即	-
2	胡散臭い	うさんくさい	宇散臭い|卯山臭い	-
3	蝸牛	かたつむり	-	かたづむり|かたつもり|かたつまり
3	蟷螂	かまきり	-	かまぎり|かまきれ
3	飛蝗	ばった	-	はった|ばっだ
3	蚯蚓	みみず	-	みみぞ|みみぜ
3	栗鼠	りす	-	りず|りし
3	鼬	いたち	-	いだち|いたじ
3	蝮	まむし	-	まぶし|まむじ
3	蚕	かいこ	-	かえこ|かいご
3	鮑	あわび	-	あわひ|あわみ
3	蛤	はまぐり	-	はまぐれ|はまくり|はまぐろ
3	徒然	つれづれ	-	つれずら|つりづれ
3	凡そ	およそ	-	およぞ|およせ
3	強ち	あながち	-	あなかち|あながし
3	殊更	ことさら	-	ことざら|ことさま
3	柄杓	ひしゃく	-	ひじゃく|ひしゃき
3	杓文字	しゃもじ	-	しゃぼじ|しゃもじゅ
3	忽ち	たちまち	-	たちまじ|たしまち
3	歪	いびつ	-	いびづ|いびち
3	外郎	ういろう	-	ういろ|ういろお
3	善哉	ぜんざい	-	せんざい|ぜんさい|ぜんざえ
3	仰々しい	ぎょうぎょうしい	-	ぎょうきょうしい|ぎょぎょうしい
3	粽	ちまき	-	ちまぎ|ちまけ
3	忌々しい	いまいましい	-	いまいまじい|いまいもし
3	紛らわしい	まぎらわしい	-	まきらわしい|まぎろわしい
3	煩わしい	わずらわしい	-	わすらわしい|わずろわしい
3	囲炉裏	いろり	-	いろれ|いろび
3	喧しい	やかましい	-	やがましい|やかまじい
3	甚だしい	はなはだしい	-	はなばだしい|はなはたしい
3	項	うなじ	-	うなち|うなじり
3	心許ない	こころもとない	-	こころもどない|こころもとなえ|こころもとなし
3	薬缶	やかん	-	やがん|やかんね
3	盥	たらい	-	だらい|たらえ
3	桶	おけ	-	おげ|おき
3	隈なく	くまなく	-	ぐまなく|くまなぐ
3	闇雲	やみくも	-	やみぐも|やまくも
3	出鱈目	でたらめ	-	てたらめ|でだらめ
3	杜撰	ずさん	-	ずざん|ずせん
3	慇懃	いんぎん	-	いんきん|いんぎり
3	東雲	しののめ	-	しののべ|しののま
3	十六夜	いざよい	-	いさよい|いざよえ|いざよる
3	木瓜	ぼけ	-	ほけ|ぼけえ
3	梔子	くちなし	-	ぐちなし|くちなじ
3	鬼灯	ほおずき	-	ほうずき|ほおすき
3	薊	あざみ	-	あさみ|あざめ
3	漸く	ようやく	-	ようやけ|よやく
3	黒子	ほくろ	-	ほぐろ|ほくろう
3	翻す	ひるがえす	-	ひるがやす|ひるかえす
3	罵る	ののしる	-	ののじる|のなしる
3	百舌	もず	-	もす|もぞ
3	雲雀	ひばり	-	ひばれ|ひはり|ひばる
3	郭公	かっこう	-	かっきょう|かこう
3	雹	ひょう	-	びょう|ひょく
3	漣	さざなみ	-	ささなみ|さざなめ
3	脅かす	おびやかす	-	おひやかす|おびゃかす
3	柘榴	ざくろ	-	さくろ|ざぐろ
3	面持ち	おももち	-	おももじ|おもまち
3	駒鳥	こまどり	-	ごまどり|こまとり
3	時化	しけ	-	じけ|しげ
3	燭台	しょくだい	-	しょくたい|しょくだえ
3	火鉢	ひばち	-	ひぱち|ひばじ|ひばつ
3	耳朶	みみたぶ	-	みみたぷ|みみだぶ
3	睫毛	まつげ	-	まづげ|まつけ
3	水面	みなも	-	みなぼ|みのも
3	蒟蒻	こんにゃく	-	こんやく|こんにゃぐ
3	鱧	はも	-	ばも|はめ
3	鰆	さわら	-	ざわら|さわろ
3	河岸	かし	-	がし|かじ
3	掠れる	かすれる	-	がすれる|かずれる
3	狭間	はざま	-	はぞま|はざめ
3	鱚	きす	-	ぎす|きず|きし
3	何卒	なにとぞ	-	なにどぞ|なにとそ
3	眼張	めばる	-	めぱる|めばれ
3	鰌	どじょう	-	とじょう|どしょう
3	鯊	はぜ	-	はせ|ばぜ
3	斟酌	しんしゃく	-	しんじゃく|しんさく
3	慚愧	ざんき	-	さんき|ざんぎ
3	憔悴	しょうすい	-	しょうずい|しょすい
3	看做す	みなす	-	みなず|みのす
3	準える	なぞらえる	-	なそらえる|なぞらいる
3	括れる	くびれる	-	ぐびれる|くびらる|くびれろ
3	窶れる	やつれる	-	やづれる|やつらる
3	拗れる	こじれる	-	ごじれる|こじらる
3	抉る	えぐる	-	えくる|えぐれ
3	唆す	そそのかす	-	そそのがす|そそなかす
3	訝る	いぶかる	-	いふかる|いぶがる
3	聳える	そびえる	-	そひえる|そびやる
3	蹲る	うずくまる	-	うすくまる|うずぐまる
3	曙	あけぼの	-	あげぼの|あけほの
3	有明	ありあけ	-	ありあげ|ありやけ
3	黄昏	たそがれ	-	たそぐれ|たさがれ|たそがろ
3	暁	あかつき	-	あがつき|あかづき
3	宵闇	よいやみ	-	よいやめ|よいあみ
3	篝火	かがりび	-	かかりび|かがりひ
3	狼煙	のろし	-	のろじ|のろせ
3	霙	みぞれ	-	みそれ|みぞろ
3	霰	あられ	-	あらる|あらり
3	氷柱	つらら	-	づらら|つられ
3	飛沫	しぶき	-	しふき|しぶぎ
3	凪	なぎ	-	なき|なげ
3	行灯	あんどん	-	あんとん|あんどむ|あんどお
3	胡坐	あぐら	-	あぐだ|あぐれ|あくら
3	踵	かかと	-	かがと|かかど
3	踝	くるぶし	-	くるふし|くるぼし
3	腋	わき	-	わぎ|わけ
3	肋	あばら	-	あはら|あばろ
3	瞼	まぶた	-	まぶだ|まふた
3	鼾	いびき	-	いひき|いびぎ
3	嚏	くしゃみ	-	くじゃみ|くしゃび
3	涎	よだれ	-	よたれ|よどれ
3	痣	あざ	-	あさ|あじゃ
3	疣	いぼ	-	いほ|いば
3	独楽	こま	-	こば|こまり
3	賽子	さいころ	-	さいごろ|さいこる
3	箒	ほうき	-	ほおき|ほうぎ
3	鋏	はさみ	-	はざみ|はさめ
3	錐	きり	-	ぎり|きれ
3	錨	いかり	-	いがり|いかれ
3	梯子	はしご	-	はじご|はしこ
3	櫛	くし	-	ぐし|くじ
3	簪	かんざし	-	かんさし|かざし
3	櫓	やぐら	-	やくら|やぐろ
3	鞍	くら	-	ぐら|くれ
3	鞘	さや	-	ざや|さゆ
3	襷	たすき	-	たずき|たすぎ
3	鉾	ほこ	-	ぼこ|ほご
3	鞭	むち	-	むじ|むて
3	烏帽子	えぼし	-	えほし|えぼじ
3	御簾	みす	-	みず|みせ
3	簾	すだれ	-	すたれ|すだり
3	衝立	ついたて	-	ついだて|ついたち
3	文机	ふづくえ	-	ふつくえ|ふづけ
3	火箸	ひばし	-	ひはし|ひばじ
3	紫蘇	しそ	-	じそ|しぞ
3	蓬	よもぎ	-	よもき|よむぎ
3	芥子	からし	-	がらし|からじ
3	榊	さかき	-	さがき|さかぎ
3	楡	にれ	-	にり|にら
3	椋	むく	-	むぐ|むけ
3	檜	ひのき	-	ひのぎ|ひねき
3	樅	もみ	-	もび|もめ
3	柊	ひいらぎ	-	ひらぎ|ひいらき
3	鯔	ぼら	-	ほら|ぼろ
3	鰍	かじか	-	かしか|かじが
3	鱸	すずき	-	すずぎ|すずけ
3	鯰	なまず	-	なまつ|なめず
3	蛭	ひる	-	びる|ひろ
3	田螺	たにし	-	だにし|たにじ
3	鵜	う	-	お|ゆ
3	鶏冠	とさか	-	どさか|とざか
3	時鳥	ほととぎす	-	ほどとぎす|ほとときす
3	尤も	もっとも	-	もつとも|もとも
3	兎も角	ともかく	-	どもかく|ともがく
3	寧ろ	むしろ	-	むじろ|むしら
3	偶々	たまたま	-	だまたま|たまだま
3	態々	わざわざ	-	わさわざ|わざわさ
3	予て	かねて	-	がねて|かねで
3	殆ど	ほとんど	-	ほどんど|ほとんと
3	恰も	あたかも	-	あたけも|あたがも
3	専ら	もっぱら	-	もつぱら|もっぱだ
3	生憎	あいにく	-	あいにぐ|あえにく
3	些か	いささか	-	いざさか|いさざか
3	暫く	しばらく	-	じばらく|しはらく
3	僅か	わずか	-	わすか|わずが
3	仄か	ほのか	-	ぼのか|ほのが
3	誂える	あつらえる	-	あづらえる|あつらいる
3	拵える	こしらえる	-	ごしらえる|こじらえる
3	労う	ねぎらう	-	ねきらう|ねぎろう
3	諫める	いさめる	-	いざめる|いさまる
3	咎める	とがめる	-	どがめる|とがまる
3	怯む	ひるむ	-	びるむ|ひろむ
3	捗る	はかどる	-	ばかどる|はかとる
3	漲る	みなぎる	-	みなきる|みながる
3	悴む	かじかむ	-	かしかむ|かじがむ
3	弄る	いじる	-	いしる|いじれ
3	撓む	たわむ	-	だわむ|たわめ
3	撓る	しなる	-	じなる|しなれ
3	縺れる	もつれる	-	もづれる|もつれろ
3	綻ぶ	ほころぶ	-	ぼころぶ|ほごろぶ
3	解れる	ほつれる	-	ぼつれる|ほづれる
3	解す	ほぐす	-	ぼぐす|ほくす
3	窄む	すぼむ	-	ずぼむ|すほむ
3	萎える	なえる	-	なえろ|なやる
3	萎びる	しなびる	-	しなひる|しなべる
3	嵩む	かさむ	-	がさむ|かざむ
3	嵩張る	かさばる	-	かざばる|かさはる
3	翳る	かげる	-	かける|かげら
3	喘ぐ	あえぐ	-	あえく|あえる
3	戯れる	たわむれる	-	だわむれる|たわもれる
3	焦れる	じれる	-	しれる|じらる
3	水際	みぎわ	-	みきわ|みぎえ
3	浅葱	あさぎ	-	あざぎ|あさき
3	萌黄	もえぎ	-	もえき|もえじ
3	鈍色	にびいろ	-	にひいろ|にびろ
3	胡粉	ごふん	-	こふん|ごぶん
3	朽葉	くちば	-	ぐちば|くちは
3	常磐	ときわ	-	どきわ|とぎわ
3	朝靄	あさもや	-	あざもや|あさもよ
3	靄	もや	-	ぼや|もよ
3	疾風	はやて	-	ばやて|はやで
3	芳しい	かんばしい	-	がんばしい|かんはしい
3	礫	つぶて	-	つふて|つぶで
3	轡	くつわ	-	ぐつわ|くづわ
3	鐙	あぶみ	-	あぶび|あふみ
3	鉋	かんな	-	がんな|かんだ
3	鑿	のみ	-	のび|のめ
3	鋸	のこぎり	-	のこきり|のごぎり
3	鏝	こて	-	ごて|こで
3	鍬	くわ	-	ぐわ|くあ
3	鋤	すき	-	ずき|すぎ
3	鎹	かすがい	-	かずがい|かすかい
3	楔	くさび	-	ぐさび|くざび
3	甕	かめ	-	がめ|かみ
3	盃	さかずき	-	さかすき|さがずき
3	箕	み	-	び|め
3	篩	ふるい	-	ぶるい|ふるえ
3	笊	ざる	-	さる|ざれ
3	薦	こも	-	ごも|こめ
3	簑	みの	-	みな|みぬ
3	俎	まないた	-	まないら|まないだ
3	杵	きね	-	ぎね|きの
3	臼	うす	-	うず|うせ
3	竈	かまど	-	がまど|かまと
3	鬘	かつら	-	がつら|かづら
3	鬣	たてがみ	-	だてがみ|たてかみ
3	嘴	くちばし	-	ぐちばし|くちはし
3	蹄	ひづめ	-	ひつめ|ひどめ
3	脛	すね	-	ずね|すれ
3	腓	こむら	-	ごむら|こぶら
3	臂	ひじ	-	ひし|びじ
3	眦	まなじり	-	まなちり|まなじれ
3	眸	ひとみ	-	ひどみ|ひとび
3	顎	あご	-	あこ|あが
3	喉	のど	-	のと|のだ
3	掌	てのひら	-	てのびら|てのひれ
3	拳	こぶし	-	ごぶし|こふし
3	跪く	ひざまずく	-	ひざまつく|ひざまずぐ
3	襟足	えりあし	-	えりあじ|えれあし
3	眼差し	まなざし	-	まなさし|まなざじ
3	瞬き	まばたき	-	まはたき|まばだき
3	欠片	かけら	-	がけら|かげら
3	木端	こっぱ	-	ごっぱ|こっは
3	端切れ	はぎれ	-	はきれ|はぎら
3	屑	くず	-	ぐず|くす
3	塵	ちり	-	ぢり|ちれ
3	埃	ほこり	-	ぼこり|ほごり
3	煤	すす	-	ずす|すせ
3	錆	さび	-	ざび|さひ
3	滓	かす	-	がす|かず
3	垢	あか	-	あが|あけ
3	灰汁	あく	-	あぐ|あけ
3	糠	ぬか	-	ぬが|ぬけ
3	膾	なます	-	なまず|なまし
3	醤	ひしお	-	ひじお|ひしょ
3	胡麻	ごま	-	こま|ごめ
3	葦	あし	-	あじ|あせ
3	芒	すすき	-	すずき|すすぎ
3	茅	ちがや	-	ちかや|ちげや
3	藺	い	-	え|ゆ
3	藁	わら	-	わだ|われ
3	蜩	ひぐらし	-	ひくらし|ひぐらじ
3	鷂	はいたか	-	はいだか|はいたが
3	鳶	とび	-	どび|とひ
3	鮃	ひらめ	-	ひらべ|びらめ
3	鮴	ごり	-	こり|ごれ
3	鱶	ふか	-	ぶか|ふが
3	鰭	ひれ	-	びれ|ひろ
3	鰓	えら	-	えだ|えれ
3	鱗	うろこ	-	うろご|うるこ
3	澪	みお	-	みえ|みよ
3	淵	ふち	-	ぶち|ふじ
3	潟	かた	-	がた|かて
3	灘	なだ	-	なた|なで
3	湊	みなと	-	みなど|みなて
3	汐	しお	-	じお|しえ
3	袂	たもと	-	だもと|たもど
3	裾	すそ	-	ずそ|すぞ
3	褄	つま	-	づま|つめ
3	襞	ひだ	-	びだ|ひた
3	裃	かみしも	-	がみしも|かみじも
3	褌	ふんどし	-	ふんとし|ふんどじ
3	庇	ひさし	-	びさし|ひざし
3	框	かまち	-	がまち|かまじ
3	沓脱	くつぬぎ	-	くつぬき|くづぬぎ
3	祠	ほこら	-	ぼこら|ほごら
3	社	やしろ	-	やじろ|やしれ
3	厠	かわや	-	がわや|かはや
3	梁	はり	-	ばり|はれ
3	桁	けた	-	げた|けだ
3	棟	むね	-	むで|むれ
3	甍	いらか	-	いらが|いらけ
3	軒	のき	-	のぎ|のけ
3	閂	かんぬき	-	かんぬぎ|かんぬけ
3	撥	ばち	-	ぱち|ばじ
3	鼓	つづみ	-	つつみ|つづび
3	笙	しょう	-	じょう|しょ
3	鉦	かね	-	がね|かれ
3	流離う	さすらう	-	さずらう|さすろう
3	彷徨う	さまよう	-	ざまよう|さまゆう
3	疎ましい	うとましい	-	うどましい|うとまじい
3	姦しい	かしましい	-	がしましい|かじましい
3	蝸牛	かたつむり	加多津無里|片津牟里	-
3	蟷螂	かまきり	加麻伎利|鎌伎利|釜木利	-
3	飛蝗	ばった	場田|馬多	-
3	蚯蚓	みみず	耳水|美々図	-
3	栗鼠	りす	利須|里須|理寿	-
3	鼬	いたち	伊太知|井多智	-
3	蝮	まむし	真虫|魔無志	-
3	蚕	かいこ	海子|貝児	-
3	鮑	あわび	阿波比|淡火|阿和備	-
3	蛤	はまぐり	浜栗|羽間栗	-
3	徒然	つれづれ	津礼々|都礼豆礼|連礼	-
3	凡そ	およそ	於予そ|御世そ|凡ぞ	-
3	強ち	あながち	穴がち|阿奈賀ち	-
3	殊更	ことさら	古都更|殊沙羅	-
3	柄杓	ひしゃく	比杓|飛釈|火酌	-
3	杓文字	しゃもじ	杓模字|写模字|舎藻字	-
3	忽ち	たちまち	多知町|立町	-
3	歪	いびつ	伊比津|異備津|伊尾都	-
3	外郎	ういろう	宇井郎|有為朗	-
3	善哉	ぜんざい	善斎|禅在|膳哉	-
3	仰々しい	ぎょうぎょうしい	業仰しい|行々しい|仰業しい	-
3	粽	ちまき	千巻|知麻木|千真木	-
3	忌々しい	いまいましい	伊麻々しい|今々しい|忌麻々しい	-
3	紛らわしい	まぎらわしい	真木らわしい|間切らわしい|紛羅わしい	-
3	煩わしい	わずらわしい	和津羅わしい|輪図らわしい|煩和しい	-
3	囲炉裏	いろり	囲炉里|囲炉利|伊炉裏	-
3	喧しい	やかましい	矢釜しい|夜釜しい|矢加ましい	-
3	甚だしい	はなはだしい	花肌しい|花奈波太しい|甚多しい	-
3	項	うなじ	宇那字|宇奈路|卯名路	-
3	心許ない	こころもとない	心基ない|心本ない	-
3	薬缶	やかん	夜缶|矢缶	-
3	盥	たらい	多来|田来|多良井	-
3	桶	おけ	於家|尾毛|緒家	-
3	隈なく	くまなく	熊なく|隈鳴く	-
3	闇雲	やみくも	闇蜘蛛|病雲|闇曇	-
3	出鱈目	でたらめ	出鱈眼|出多羅目|出駄羅目	-
3	杜撰	ずさん	図纂|図讃|頭算	-
3	慇懃	いんぎん	陰吟|因吟|慇吟	-
3	東雲	しののめ	志乃乃女|篠乃芽|志野之女	-
3	十六夜	いざよい	伊座宵|伊佐夜|居座宵	-
3	木瓜	ぼけ	慕家|暮毛|母華	-
3	梔子	くちなし	口梨|朽無し|久知梨	-
3	鬼灯	ほおずき	頬月|穂々月|保於月	-
3	薊	あざみ	阿座美|麻座美|亜座実	-
3	漸く	ようやく	陽夜久|羊夜久|用夜久	-
3	黒子	ほくろ	北露|保久路|歩黒	-
3	翻す	ひるがえす	比留返す|昼返す|比流替す	-
3	罵る	ののしる	野々志る|乃々知る|野野誌る	-
3	百舌	もず	毛津|藻図|茂豆	-
3	雲雀	ひばり	日張|飛針|比波里	-
3	郭公	かっこう	格公|角光|郭校	-
3	雹	ひょう	比陽|飛陽|氷宇	-
3	漣	さざなみ	沙座波|佐々波|沙座奈美	-
3	脅かす	おびやかす	帯夜かす|尾日夜かす|於美夜かす	-
3	柘榴	ざくろ	座久露|坐句露|座黒	-
3	面持ち	おももち	面餅|重持ち|面望ち	-
3	駒鳥	こまどり	駒酉|古間鳥|駒鶏	-
3	時化	しけ	志気|詩毛|紫家	-
3	燭台	しょくだい	触台|食台|燭代	-
3	火鉢	ひばち	火撥|日鉢|火蜂	-
3	耳朶	みみたぶ	美々多武|耳多武|美耳田夫	-
3	睫毛	まつげ	松毛|末毛|松下	-
3	水面	みなも	美奈面|皆面	-
3	蒟蒻	こんにゃく	蒟若|今若|昆若	-
3	鱧	はも	羽藻|葉茂	-
3	鰆	さわら	佐和良|沢良	-
3	河岸	かし	可志|加志|香志	-
3	掠れる	かすれる	加須れる|賀須れる|加寿れる	-
3	狭間	はざま	羽座間|葉座間|破座間	-
3	鱚	きす	木須|喜須	-
3	何卒	なにとぞ	奈仁都曾|何徒ぞ	-
3	眼張	めばる	眼貼|芽張|目晴	-
3	鰌	どじょう	度上|土生	-
3	鯊	はぜ	葉瀬|波世|羽是	-
3	斟酌	しんしゃく	斟釈|心酌|深酌	-
3	慚愧	ざんき	慚機|残愧|斬気	-
3	憔悴	しょうすい	焦悴|憔衰|消衰	-
3	看做す	みなす	身成す|美奈す|皆成す	-
3	準える	なぞらえる	謎らえる|名空える|奈空える	-
3	括れる	くびれる	首れる|久比れる|九尾れる	-
3	窶れる	やつれる	夜津れる|八津れる|奴津れる	-
3	拗れる	こじれる	固じれる|古字れる|小路れる	-
3	抉る	えぐる	江具る|絵具る|柄具る	-
3	唆す	そそのかす	楚々のかす|曾々のかす	-
3	訝る	いぶかる	伊部かる|伊武かる|異部かる	-
3	聳える	そびえる	曽美える|祖日える|曾備える	-
3	蹲る	うずくまる	渦くまる|宇豆熊る	-
3	曙	あけぼの	明母野|阿気母乃|明暮乃	-
3	有明	ありあけ	有開|蟻明|有阿気	-
3	黄昏	たそがれ	田曽賀礼|多蘇我礼|他曽枯	-
3	暁	あかつき	赤月|阿加月|朱月	-
3	宵闇	よいやみ	宵病|余井闇|与伊病	-
3	篝火	かがりび	加賀里火|香賀利火|篝比	-
3	狼煙	のろし	野呂志|乃路志|野露志	-
3	霙	みぞれ	美曽礼|水曽礼|実曾礼	-
3	霰	あられ	荒礼|阿羅礼|亜良礼	-
3	氷柱	つらら	津良羅|都良良|鶴羅	-
3	飛沫	しぶき	四部木|志吹|詩部木	-
3	凪	なぎ	奈岐|名木|那儀	-
3	行灯	あんどん	安灯|暗灯|庵灯	-
3	胡坐	あぐら	阿具良|亜久羅|吾久良	-
3	踵	かかと	加々戸|加加徒	-
3	踝	くるぶし	久留武志|来留部志|久流節	-
3	腋	わき	和気|和木|輪木	-
3	肋	あばら	阿原|亜腹|阿腹	-
3	瞼	まぶた	真蓋|間蓋|麻部田	-
3	鼾	いびき	伊鼻木|衣尾木|伊美気	-
3	嚏	くしゃみ	久者美|苦捨身|久捨美	-
3	涎	よだれ	与垂|余打礼|与陀礼	-
3	痣	あざ	阿座|亜座|吾座	-
3	疣	いぼ	伊保|異母	-
3	独楽	こま	古間|小魔|子間	-
3	賽子	さいころ	賽頃|才頃|祭頃	-
3	箒	ほうき	方木|宝木|芳器	-
3	鋏	はさみ	刃佐美|波佐美|挟美	-
3	錨	いかり	伊狩|伊香里|依狩	-
3	梯子	はしご	梯五|橋五|波志五	-
3	櫛	くし	久志|九志|句誌	-
3	簪	かんざし	冠差|完座志|勘挿	-
3	櫓	やぐら	夜倉|屋久良|夜具羅	-
3	襷	たすき	田須木|多寿紀	-
3	鉾	ほこ	保古|歩虎	-
3	鞭	むち	夢地|牟智	-
3	烏帽子	えぼし	烏帽志|絵帽子|江帽志	-
3	御簾	みす	御須|美須|実寿	-
3	簾	すだれ	須垂|寿打礼|州垂	-
3	衝立	ついたて	衝建|衝盾|津井盾	-
3	文机	ふづくえ	富津久江|布豆久恵|譜机	-
3	火箸	ひばし	火橋|日箸|火端	-
3	紫蘇	しそ	紫素|志蘇|紫曾	-
3	蓬	よもぎ	与茂木|余母木	-
3	芥子	からし	加羅志|可羅志	-
3	榊	さかき	佐加木|沙加木|左加木	-
3	楡	にれ	二礼|仁麗	-
3	椋	むく	無久|夢久	-
3	檜	ひのき	日乃木|火之木	-
3	樅	もみ	茂実|毛美|藻実	-
3	柊	ひいらぎ	日伊良木|比伊良木	-
3	鯔	ぼら	母羅|暮良|保羅	-
3	鰍	かじか	加治香|梶加	-
3	鱸	すずき	須受紀|須寿紀	-
3	鯰	なまず	奈麻図|生図	-
3	蛭	ひる	比流|陽流	-
3	田螺	たにし	田西|多仁志	-
3	鶏冠	とさか	戸坂|都坂|十坂	-
3	時鳥	ほととぎす	保登々岐須|歩都都岐須|程々木須	-
3	尤も	もっとも	毛津共|勿戸毛|茂都毛	-
3	兎も角	ともかく	友角|兎模角|都毛加久	-
3	寧ろ	むしろ	虫ろ|無志路|蒸ろ	-
3	偶々	たまたま	玉々|多摩々|珠々	-
3	態々	わざわざ	態技|和座々|態座	-
3	予て	かねて	可根て|金手|加音て	-
3	殆ど	ほとんど	保頓ど|歩屯度|穂頓ど	-
3	恰も	あたかも	阿高も|安多加も|当加も	-
3	専ら	もっぱら	勿ぱら|茂津原|毛津ぱら	-
3	生憎	あいにく	愛似苦|相似苦	-
3	些か	いささか	井笹か|伊佐佐か|意些か	-
3	暫く	しばらく	芝らく|柴羅久|志場楽	-
3	僅か	わずか	和図か|輪寿か|和津賀	-
3	仄か	ほのか	穂乃か|保野か|歩乃香	-
3	誂える	あつらえる	厚羅える|阿津羅える|集羅える	-
3	拵える	こしらえる	拵良える|拵羅える|拵得る	-
3	労う	ねぎらう	祢木良う|根木羅う|祢義良う	-
3	諫める	いさめる	諫芽る|諫米る|諫女る	-
3	咎める	とがめる	咎芽る|咎目る|咎女る	-
3	怯む	ひるむ	比留む|日流む|飛留む	-
3	捗る	はかどる	葉角る|羽加戸る|計戸る	-
3	漲る	みなぎる	皆木る|美奈義る|水凪る	-
3	悴む	かじかむ	加治かむ|梶香む|火事加む	-
3	弄る	いじる	意地る|伊治る|異字る	-
3	撓む	たわむ	多和む|田輪む|多羽む	-
3	撓る	しなる	志奈る|品る|詩成る	-
3	縺れる	もつれる	持つれる|藻津れる|茂津れる	-
3	綻ぶ	ほころぶ	保古呂ぶ|歩頃ぶ|穂古路ぶ	-
3	解れる	ほつれる	保津れる|穂津れる|歩つれる	-
3	解す	ほぐす	保具す|歩具す|穂具す	-
3	窄む	すぼむ	須保む|巣母む|寿母む	-
3	萎える	なえる	苗える|奈江る|那絵る	-
3	萎びる	しなびる	品びる|志奈びる|詩那びる	-
3	嵩む	かさむ	笠む|加佐む|香佐む	-
3	嵩張る	かさばる	笠張る|加佐張る|香佐張る	-
3	翳る	かげる	香下る|加下る|影留	-
3	喘ぐ	あえぐ	阿江ぐ|逢江ぐ|亜恵ぐ	-
3	戯れる	たわむれる	多和むれる|田輪むれる|多羽むれる	-
3	焦れる	じれる	自れる|次礼る|地礼る	-
3	水際	みぎわ	美際|美木和|三木輪	-
3	浅葱	あさぎ	麻木|阿佐木|朝城	-
3	萌黄	もえぎ	母江木|萌義|藻江木	-
3	鈍色	にびいろ	二美色|仁美色|丹尾色	-
3	胡粉	ごふん	胡紛|五粉|御粉	-
3	朽葉	くちば	朽羽|口葉|朽場	-
3	常磐	ときわ	時磐|登紀和|都紀輪	-
3	朝靄	あさもや	朝藻屋|朝模屋|朝茂夜	-
3	靄	もや	藻屋|母夜|茂屋	-
3	疾風	はやて	葉矢手|羽矢手	-
3	芳しい	かんばしい	勘場しい|漢場しい|甘場しい	-
3	礫	つぶて	津夫手|粒手|津武手	-
3	轡	くつわ	久津輪|靴輪|九津和	-
3	鐙	あぶみ	阿武美|亜部美|阿部美	-
3	鉋	かんな	神奈|勘奈|甘那	-
3	鑿	のみ	乃実|之美|野実	-
3	鋸	のこぎり	乃古切|野古斬|能古切	-
3	鎹	かすがい	加須貝|香須貝|加寿外	-
3	楔	くさび	草火|久佐火|九差火	-
3	盃	さかずき	佐加頭木|坂寿木|酒頭木	-
3	篩	ふるい	古井|布類|振井	-
3	笊	ざる	座留|雑留|砂留	-
3	薦	こも	古茂|小茂|湖毛	-
3	簑	みの	美乃|実野|三乃	-
3	俎	まないた	真奈板|麻奈板|間内田	-
3	竈	かまど	窯戸|加麻戸|釜土	-
3	鬘	かつら	加津良|香津羅|勝良	-
3	鬣	たてがみ	多手髪|縦髪|立髪	-
3	嘴	くちばし	口橋|口端|久知橋	-
3	蹄	ひづめ	日詰|比豆目|火爪	-
3	腓	こむら	古牟良|子牟良|小牟羅	-
3	眦	まなじり	真名尻|目那尻|間名尻	-
3	掌	てのひら	手乃比良|天乃平|手野比羅	-
3	拳	こぶし	木武志|鼓武司|古節	-
3	跪く	ひざまずく	膝間付く|比座間付く|膝真付く	-
3	襟足	えりあし	江里足|襟脚|絵里足	-
3	眼差し	まなざし	真名差し|間名指し|眼座し	-
3	瞬き	まばたき	間端き|真羽たき|麻場多き	-
3	欠片	かけら	加計良|掛良|加家羅	-
3	木端	こっぱ	木破|古破|小葉	-
3	端切れ	はぎれ	葉切れ|羽切れ|波切れ	-
3	屑	くず	久豆|九頭|句図	-
3	塵	ちり	知里|地利	-
3	埃	ほこり	保古里|歩古里|穂古利	-
3	煤	すす	須々|寿々|州々	-
3	錆	さび	佐美|沙美|沙火	-
3	糠	ぬか	奴加|沼香|努加	-
3	膾	なます	奈真須|那麻須|名真寿	-
3	醤	ひしお	比塩|醤塩|日塩	-
3	胡麻	ごま	胡真|午麻|御磨	-
3	芒	すすき	須須木|寿寿季|朱々木	-
3	茅	ちがや	千萱|知賀矢|千賀谷	-
3	蜩	ひぐらし	日具羅志|比具良志|日暮志	-
3	鷂	はいたか	羽井鷹|拝鷹|灰鷹	-
3	鮃	ひらめ	平芽|日羅目|比良目	-
3	鮴	ごり	五里|御利	-
3	鱗	うろこ	宇呂子|卯路子	-
3	湊	みなと	皆戸|美奈都|水奈戸	-
3	袂	たもと	田元|多裳戸|他元	-
3	裃	かみしも	加美志茂|上霜|紙下	-
3	褌	ふんどし	粉土志|芬土志|文土志	-
3	庇	ひさし	比佐志|日佐志|妃佐志	-
3	框	かまち	加麻知|釜知|香町	-
3	沓脱	くつぬぎ	久津脱|靴脱|久津奴木	-
3	祠	ほこら	保古良|歩庫羅|穂子良	-
3	社	やしろ	夜城|屋城	-
3	厠	かわや	川家|河屋|厠屋	-
3	梁	はり	波利|葉里|羽理	-
3	桁	けた	計多|気太|毛田	-
3	甍	いらか	伊良加|以羅加	-
3	軒	のき	野木|乃木|野気	-
3	閂	かんぬき	関抜|閑抜|缶抜	-
3	鼓	つづみ	津々美|都々美|続実	-
3	流離う	さすらう	佐須良う|差須羅う|沙州良う	-
3	彷徨う	さまよう	佐間酔う|沙迷う|差真よう	-
3	疎ましい	うとましい	宇戸ましい|卯戸真しい|疎間しい	-
3	姦しい	かしましい	加志ましい|賀志真しい|可志ましい	-
3	蕃茄	とまと	戸真戸|富麻都|登真都	-
3	陸蓮根	おくら	奥良|尾久羅|於倉	-
3	甜瓜	めろん	芽論|女論|芽路音	-
3	鳳梨	ぱいなっぷる	派伊奈布留|波伊奈布留|派院阿布流	-
3	満天星躑躅	どうだんつつじ	満天星躑躍|満点星躑躅|満天星躅躑	-
3	金雀枝	えにしだ	金雀子|錦雀枝|金尺枝	-
3	蟋蟀	こおろぎ	蟋蛩|悉蟀|蟀蟋	-
3	蟒蛇	うわばみ	宇和波美|宇輪場美|上波美	-
3	山椒魚	さんしょううお	山梢魚|三笑魚	-
3	蝌蚪	おたまじゃくし	於多麻蛇久志|御玉邪久子|尾多真蛇九志	-
3	十姉妹	じゅうしまつ	十姫妹|十姉毎|重姉妹	-
3	木葉木菟	このはずく	木羽木菟|木葉木図|此葉木菟	-
3	褞袍	どてら	温袍|褞抱|土手羅	-
3	独鈷	とっこ	突孤|登津古|戸津胡	-
3	錫杖	しゃくじょう	錫丈|釈杖|石杖	-
3	御御御付	おみおつけ	御御緒付|御味緒付|御御御漬	-
3	御強	おこわ	御硬|御興|御古和	-
3	雪花菜	おから	雪花采|雪華采|於唐	-
3	塘蒿	せろり	塘高|塙蒿|勢呂利	-
3	花椰菜	かりふらわー	花耶菜|華椰菜|加利富良和	-
3	和蘭芹	ぱせり	和欄芹|和蘭斤|派世利	-
3	石刁柏	あすぱらがす	阿須波羅我須|亜須巴羅賀須|明須波羅雅須	-
3	菠薐草	ほうれんそう	菠陵草|菠練草|保宇蓮草	-
3	陸稲	おかぼ	岡保|丘穂|於加保	-
3	鶏魚	いさき	伊佐木|井咲|以佐紀	-
3	石蕗	つわぶき	津和武木|都和歩木|津輪蕗	-
3	蘆薈	あろえ	亜呂江|阿路江|亜路恵	-
3	含羞草	おじぎそう	於辞義草|尾路木草|御路義草	-
3	茴香	ういきょう	宇伊京|有為鏡|宇意郷	-
3	山査子	さんざし	散座志|三座志|山査仔	-
3	美人局	つつもたせ	津々母田瀬|筒藻多世|都々持瀬	-
3	吃逆	しゃっくり	舎っ久利|写っ九里|車っ久利	-
3	耳垢	みみあか	美々赤|耳亜加|実耳阿加	-
3	目脂	めやに	目谷荷|芽矢荷|眼屋荷	-
3	玉串	たまぐし	玉具志|珠具志|多麻具志	-
3	手水舎	ちょうずや	長頭屋|丁豆屋|長豆家	-
3	覆す	くつがえす	久津賀返す|靴が返す|九津賀絵す	-
3	劈く	つんざく	津ん座く|都無座久|突ん座く	-
4	松毬	まつぼっくり	-	めつぼっくり|まつぼっくれ|まつぶっくり
4	啄木鳥	きつつき	-	けつつき|きつつけ|きとつき
4	馴鹿	となかい	-	つなかい|となかえ|とねかい
4	戦く	おののく	-	うののく|おののこ|おぬのく
4	徐に	おもむろに	-	うもむろに|おもむろね|おももろに
4	仙人掌	さぼてん	-	せぼてん|さぼてむ|さぶてん
4	玉蜀黍	とうもろこし	-	つうもろこし|とうもろこせ|とうむろこし
4	鸚鵡	おうむ	-	ううむ|おうも|おおむ
4	水黽	あめんぼ	-	えめんぼ|あめんぶ|あみんぼ
4	悍ましい	おぞましい	-	うぞましい|おぞましえ|おぞめしい
4	石楠花	しゃくなげ	-	しょくなげ|しゃくなぎ|しゃこなげ
4	木槿	むくげ	-	もくげ|むくぎ|むこげ
4	百日紅	さるすべり	-	せるすべり|さるすべれ|さるそべり
4	合歓木	ねむのき	-	にむのき|ねむのけ|ねものき
4	翻車魚	まんぼう	-	めんぼう|まんぼお|まむぼう
4	女郎花	おみなえし	-	うみなえし|おみなえせ|おみねえし
4	海胆	うに	-	おに|うね|いに
4	馬酔木	あせび	-	えせび|あせべ|あさび
4	薺	なずな	-	ねずな|なずね|なぞな
4	独活	うど	-	おど|うづ|いど
4	薇	ぜんまい	-	じんまい|ぜんまえ|ぜむまい
4	鴛鴦	おしどり	-	うしどり|おしどれ|おせどり
4	翡翠	かわせみ	-	けわせみ|かわせめ|かをせみ
4	海鼠	なまこ	-	ねまこ|なまく|なめこ
4	顰蹙	ひんしゅく	-	へんしゅく|ひんしゅこ|ひむしゅく
4	鶉	うずら	-	おずら|うずれ|うぞら
4	鵯	ひよどり	-	へよどり|ひよどれ|ひゆどり
4	齟齬	そご	-	すご|そぐ|さご
4	柳葉魚	ししゃも	-	せしゃも|ししゃむ|ししょも
4	鮟鱇	あんこう	-	えんこう|あんこお|あむこう
4	鰊	にしん	-	ねしん|にしむ|にせん
4	海獺	らっこ	-	れっこ|らっく|らつこ
4	翳す	かざす	-	けざす|かざそ|かぜす
4	貂	てん	-	ちん|てむ|とん
4	豪猪	やまあらし	-	よまあらし|やまあらせ|やまえらし
4	狢	むじな	-	もじな|むじね|むぜな
4	土豚	つちぶた	-	とちぶた|つちぶて|つてぶた
4	羚羊	かもしか	-	けもしか|かもしけ|かむしか
4	軍鶏	しゃも	-	しょも|しゃむ|しゅも
4	鶫	つぐみ	-	とぐみ|つぐめ|つごみ
4	鵺	ぬえ	-	のえ|ぬい|にえ
4	躱す	かわす	-	けわす|かわそ|かをす
4	蛞蝓	なめくじ	-	ねめくじ|なめくぜ|なみくじ
4	面差し	おもざし	-	うもざし|おもざせ|おむざし
4	海鞘	ほや	-	ふや|ほよ|はや
4	鹿尾菜	ひじき	-	へじき|ひじけ|ひぜき
4	心太	ところてん	-	つころてん|ところてむ|とこるてん
4	所謂	いわゆる	-	えわゆる|いわゆろ|いをゆる
4	鰰	はたはた	-	へたはた|はたはて|はてはた
4	躊躇う	ためらう	-	てめらう|ためらお|たみらう
4	噎せる	むせる	-	もせる|むせろ|むしる
4	咽ぶ	むせぶ	-	もせぶ|むせぼ|むしぶ
4	捩る	ねじる	-	にじる|ねじろ|ねぜる
4	忸怩	じくじ	-	ぜくじ|じくぜ|じこじ
4	貪る	むさぼる	-	もさぼる|むさぼろ|むせぼる
4	慈しむ	いつくしむ	-	えつくしむ|いつくしも|いつこしむ
4	宥める	なだめる	-	ねだめる|なだめろ|なでめる
4	老獪	ろうかい	-	るうかい|ろうかえ|ろおかい
4	頑迷	がんめい	-	げんめい|がんめえ|がむめい
4	茫洋	ぼうよう	-	ぶうよう|ぼうよお|ぼおよう
4	蹂躙	じゅうりん	-	じょうりん|じゅうりむ|じゅおりん
4	跋扈	ばっこ	-	べっこ|ばっく|ばつこ
4	収斂	しゅうれん	-	しょうれん|しゅうれむ|しゅおれん
4	躑躅	つつじ	-	とつじ|つつぜ|つとじ
4	屹立	きつりつ	-	けつりつ|きつりと|きとりつ
4	嗜む	たしなむ	-	てしなむ|たしなも|たせなむ
4	朧月	おぼろづき	-	うぼろづき|おぼろづけ|おぼるづき
4	蔑む	さげすむ	-	せげすむ|さげすも|さぎすむ
4	漁火	いさりび	-	えさりび|いさりべ|いせりび
4	不知火	しらぬい	-	せらぬい|しらぬえ|しれぬい
4	嘲る	あざける	-	えざける|あざけろ|あぜける
4	竦む	すくむ	-	そくむ|すくも|すこむ
4	足枷	あしかせ	-	えしかせ|あしかし|あせかせ
4	颪	おろし	-	うろし|おろせ|おるし
4	野分	のわき	-	ぬわき|のわけ|のをき
4	旋風	つむじかぜ	-	とむじかぜ|つむじかじ|つむぜかぜ
4	東風	こち	-	くち|こて|かち
4	南風	はえ	-	へえ|はい|ほえ
4	山背	やませ	-	よませ|やまし|やめせ
4	薫風	くんぷう	-	こんぷう|くんぷお|くむぷう
4	雪洞	ぼんぼり	-	ぶんぼり|ぼんぼれ|ぼむぼり
4	手枷	てかせ	-	ちかせ|てかし|てけせ
4	恭しい	うやうやしい	-	おやうやしい|うやうやしえ|うやおやしい
4	轍	わだち	-	をだち|わだて|わでち
4	覚束ない	おぼつかない	-	うぼつかない|おぼつかなえ|おぼとかない
4	居丈高	いたけだか	-	えたけだか|いたけだけ|いたきだか
4	息急き切る	いきせききる	-	えきせききる|いきせききろ|いきしききる
4	偏に	ひとえに	-	へとえに|ひとえね|ひつえに
4	頻りに	しきりに	-	せきりに|しきりね|しけりに
4	御櫃	おひつ	-	うひつ|おひと|おへつ
4	稀有	けう	-	きう|けお|こう
4	禍々しい	まがまがしい	-	めがまがしい|まがまがしえ|まがめがしい
4	夥しい	おびただしい	-	うびただしい|おびただしえ|おびてだしい
4	鳩尾	みぞおち	-	めぞおち|みぞおて|みぞおし
4	目映い	まばゆい	-	めばゆい|まばゆえ|まべゆい
4	靨	えくぼ	-	いくぼ|えくぶ|えこぼ
4	弄ぶ	もてあそぶ	-	むてあそぶ|もてあそぼ|もてえそぶ
4	雀斑	そばかす	-	すばかす|そばかそ|そべかす
4	無花果	いちじく	-	えちじく|いちじこ|いてじく
4	木耳	きくらげ	-	けくらげ|きくらぎ|きこらげ
4	樒	しきみ	-	せきみ|しきめ|しけみ|さきみ|しきま
4	槐	えんじゅ	-	いんじゅ|えんじゃ|えむじゅ|おんじゅ|えんじょ
4	楝	おうち	-	ううち|おうて|おおち|あうち|おうた
4	梓	あずさ	-	えずさ|あずせ|あぞさ|おずさ|あずそ
4	楮	こうぞ	-	くうぞ|こうず|こおぞ|かうぞ|こうざ
4	三椏	みつまた	-	めつまた|みつまて|みつめた|みとまた|まつまた
4	木天蓼	またたび	-	めたたび|またたべ|またてび|まてたび|もたたび
4	枸橘	からたち	-	けらたち|からたて|からてち|かれたち|こらたち
4	棗	なつめ	-	ねつめ|なつみ|なとめ|のつめ|なつも
4	柘植	つげ	-	とげ|つぎ|てげ|つご|づげ
4	欅	けやき	-	きやき|けやけ|けよき|こやき|けやか
4	柾	まさき	-	めさき|まさけ|ませき|もさき|まさか
4	槙	まき	-	めき|まけ|もき|まか|なき
4	椈	ぶな	-	ぼな|ぶね|べな|ぶの|ふな
4	梧桐	あおぎり	-	えおぎり|あおぎれ|あおげり|あうぎり|おおぎり
4	榛	はんのき	-	へんのき|はんのけ|はんぬき|はむのき|ほんのき
4	栴檀	せんだん	-	しんだん|せんだむ|せんでん|せむだん|そんだん
4	無患子	むくろじ	-	もくろじ|むくろぜ|むくるじ|むころじ|めくろじ
4	皂莢	さいかち	-	せいかち|さいかて|さいけち|さえかち|そいかち
4	海棠	かいどう	-	けいどう|かいどお|かいづう|かえどう|こいどう
4	鴨跖草	つゆくさ	-	とゆくさ|つゆくせ|つゆこさ|つよくさ|てゆくさ
4	菅	すげ	-	そげ|すぎ|せげ|すご|ずげ
4	蓼	たで	-	てで|たぢ|とで|たど|だで
4	苧麻	ちょま	-	ちゃま|ちょめ|ちゅま|ちょも|てょま
4	羊歯	しだ	-	せだ|しで|さだ|しど|じだ
4	蕺草	どくだみ	-	づくだみ|どくだめ|どくでみ|どこだみ|だくだみ
4	虎耳草	ゆきのした	-	よきのした|ゆきのして|ゆきぬした|ゆけのした|ゆきのせた
4	鹿茸	ろくじょう	-	るくじょう|ろくじょお|ろくじゃう|ろこじょう|らくじょう
4	慈姑	くわい	-	こわい|くわえ|くをい|けわい|くわう
4	辣韭	らっきょう	-	れっきょう|らっきょお|らっきゃう|らつきょう|ろっきょう
4	蜆	しじみ	-	せじみ|しじめ|しぜみ|さじみ|しじま
4	蝦蛄	しゃこ	-	しゅこ|しゃく|しょこ|しゃか|せゃこ
4	寄居虫	やどかり	-	よどかり|やどかれ|やどけり|やづかり|ゆどかり
4	蛸	たこ	-	てこ|たく|とこ|たか|だこ
4	魳	かます	-	けます|かまそ|かめす|こます|かませ
4	鸛	こうのとり	-	くうのとり|こうのとれ|こうぬとり|こおのとり|こうのつり
4	鷦鷯	みそさざい	-	めそさざい|みそさざえ|みそせざい|みすさざい|みそさぜい
4	鵆	ちどり	-	てどり|ちどれ|ちづり|たどり|ちどら
4	鶲	ひたき	-	へたき|ひたけ|ひてき|はたき|ひたか
4	蛆	うじ	-	おじ|うぜ|えじ|うざ|ゆじ
4	虻	あぶ	-	えぶ|あぼ|おぶ|あべ|やぶ
4	蛹	さなぎ	-	せなぎ|さなげ|さねぎ|そなぎ|さなが
4	蜈蚣	むかで	-	もかで|むかぢ|むけで|めかで|むかど
4	蠍	さそり	-	せそり|さそれ|さすり|そそり|さそら
4	蜥蜴	とかげ	-	つかげ|とかぎ|とけげ|たかげ|とかご
4	夙に	つとに	-	ととに|つとね|つつに|てとに|つとな
4	悉く	ことごとく	-	くとごとく|ことごとこ|ことぐとく|こつごとく|ことごつく
4	挙って	こぞって	-	くぞって|こぞっち|こぞつて|こずって|かぞって
4	努努	ゆめゆめ	-	よめゆめ|ゆめゆみ|ゆめよめ|ゆみゆめ|やめゆめ
4	苟も	いやしくも	-	えやしくも|いやしくむ|いやせくも|いよしくも|いやしこも
4	蔑ろ	ないがしろ	-	ねいがしろ|ないがしる|ないげしろ|なえがしろ|ないがせろ
4	直向き	ひたむき	-	へたむき|ひたむけ|ひたもき|ひてむき|はたむき
4	只管	ひたすら	-	へたすら|ひたすれ|ひたそら|ひてすら|はたすら
4	一入	ひとしお	-	へとしお|ひとしう|ひとせお|ひつしお|はとしお
4	弥増す	いやます	-	えやます|いやまそ|いやめす|いよます|うやます
4	如何様	いかさま	-	えかさま|いかさめ|いかせま|いけさま|うかさま
4	何某	なにがし	-	ねにがし|なにがせ|なにげし|なねがし|のにがし
4	漫ろ	そぞろ	-	すぞろ|そぞる|そずろ|さぞろ|そぞら
4	頗る	すこぶる	-	そこぶる|すこぶろ|すこぼる|すくぶる|せこぶる
4	辛うじて	かろうじて	-	けろうじて|かろうじち|かろおじて|かるうじて|かろうぜて
4	剰え	あまつさえ	-	えまつさえ|あまつさい|あまとさえ|あめつさえ|あまつせえ
4	況や	いわんや	-	えわんや|いわんよ|いわむや|いをんや|うわんや
4	嘸	さぞ	-	せぞ|さず|そぞ|さざ|ざぞ
4	予々	かねがね	-	けねがね|かねがに|かねげね|かにがね|こねがね
4	旁々	かたがた	-	けたがた|かたがて|かたげた|かてがた|こたがた
4	徒に	いたずらに	-	えたずらに|いたずらね|いたぞらに|いてずらに|いたずれに
4	矢鱈	やたら	-	よたら|やたれ|やてら|ゆたら|やたろ
4	滅法	めっぽう	-	みっぽう|めっぽお|めっぷう|めつぽう|もっぽう
4	俄か	にわか	-	ねわか|にわけ|にをか|なわか|にわこ
4	抑々	そもそも	-	すもそも|そもそむ|そもすも|そむそも|さもそも
4	嘯く	うそぶく	-	おそぶく|うそぶこ|うそぼく|うすぶく|えそぶく
4	嬲る	なぶる	-	ねぶる|なぶろ|なぼる|のぶる|なぶれ
4	賺す	すかす	-	そかす|すかそ|すけす|せかす|すかせ
4	託ける	かこつける	-	けこつける|かこつけろ|かことける|かくつける|かこつきる
4	拐かす	かどわかす	-	けどわかす|かどわかそ|かどをかす|かづわかす|かどわけす
4	攫う	さらう	-	せらう|さらお|されう|そらう|さらえ
4	噤む	つぐむ	-	とぐむ|つぐも|つごむ|てぐむ|つぐめ
4	啜る	すする	-	そする|すすろ|すそる|せする|すすれ
4	嘶く	いななく	-	えななく|いななこ|いなねく|いねなく|うななく
4	吃る	どもる	-	づもる|どもろ|どむる|だもる|どもれ
4	窘める	たしなめる	-	てしなめる|たしなめろ|たしねめる|たせなめる|たしなみる
4	謗る	そしる	-	すしる|そしろ|そせる|さしる|そしれ
4	気圧される	けおされる	-	きおされる|けおされろ|けおせれる|けうされる|けおさりる
4	気触れる	かぶれる	-	けぶれる|かぶれろ|かぶりる|かぼれる|こぶれる
4	靡く	なびく	-	ねびく|なびこ|なべく|のびく|なびけ
4	拭う	ぬぐう	-	のぐう|ぬぐお|ぬごう|ねぐう|ぬぐえ
4	悄気る	しょげる	-	しゃげる|しょげろ|しょぎる|しゅげる|しょげれ
4	不貞腐れる	ふてくされる	-	ほてくされる|ふてくされろ|ふてくせれる|ふちくされる|ふてこされる
4	破落戸	ごろつき	-	ぐろつき|ごろつけ|ごろとき|ごるつき|がろつき
4	脚絆	きゃはん	-	きゅはん|きゃはむ|きゃへん|きょはん|きゃはの
4	狩衣	かりぎぬ	-	けりぎぬ|かりぎの|かりげぬ|かれぎぬ|こりぎぬ
4	直垂	ひたたれ	-	へたたれ|ひたたり|ひたてれ|ひてたれ|はたたれ
4	帷子	かたびら	-	けたびら|かたびれ|かたべら|かてびら|こたびら
4	蔀	しとみ	-	せとみ|しとめ|しつみ|さとみ|しとま
4	懸魚	げぎょ	-	ぎぎょ|げぎゃ|ごぎょ|げぎゅ|けぎょ
4	蟇股	かえるまた	-	けえるまた|かえるまて|かえろまた|かいるまた|かえるめた
4	簀子	すのこ	-	そのこ|すのく|すぬこ|せのこ|すのか
4	網代	あじろ	-	えじろ|あじる|あぜろ|おじろ|あじら
4	鞴	ふいご	-	ほいご|ふいぐ|ふえご|へいご|ふいが
4	轆轤	ろくろ	-	るくろ|ろくる|ろころ|らくろ|ろくら
4	躑躅色	つつじいろ	-	とつじいろ|つつじいる|つつぜいろ|つとじいろ|つつじえろ
4	鴇色	ときいろ	-	つきいろ|ときいる|ときえろ|とけいろ|たきいろ
4	利休鼠	りきゅうねず	-	れきゅうねず|りきゅうねぞ|りきゅおねず|りきゃうねず|りきゅうにず
4	胡桃色	くるみいろ	-	こるみいろ|くるみいる|くるめいろ|くろみいろ|くるみえろ
4	海松色	みるいろ	-	めるいろ|みるいる|みるえろ|みろいろ|まるいろ
4	猩々緋	しょうじょうひ	-	しゃうじょうひ|しょうじょうへ|しょうじゃうひ|しょおじょうひ|しょうじょおひ
4	納戸色	なんどいろ	-	ねんどいろ|なんどいる|なんづいろ|なむどいろ|なんどえろ
4	錆浅葱	さびあさぎ	-	せびあさぎ|さびあさげ|さびえさぎ|さべあさぎ|さびあせぎ
4	甕覗き	かめのぞき	-	けめのぞき|かめのぞけ|かめぬぞき|かみのぞき|かめのずき
4	桔梗色	ききょういろ	-	けきょういろ|ききょういる|ききょおいろ|ききゃういろ|ききょうえろ
4	鉄紺	てつこん	-	ちつこん|てつこむ|てつくん|てとこん|とつこん
4	杜若色	かきつばたいろ	-	けきつばたいろ|かきつばたいる|かきつべたいろ|かけつばたいろ|かきつばたえろ
4	勝色	かちいろ	-	けちいろ|かちいる|かちえろ|かていろ|こちいろ
4	藍鼠	あいねず	-	えいねず|あいねぞ|あいにず|あえねず|おいねず
4	新橋色	しんばしいろ	-	せんばしいろ|しんばしいる|しんばせいろ|しむばしいろ|しんばしえろ
4	勿忘草色	わすれなぐさいろ	-	やすれなぐさいろ|わすれなぐさいる|わすれなごさいろ|わそれなぐさいろ|わすれなぐさえろ
4	紺青	こんじょう	-	くんじょう|こんじょお|こんじゃう|こむじょう|かんじょう
4	瑠璃紺	るりこん	-	ろりこん|るりこむ|るりくん|るれこん|れりこん
4	常磐色	ときわいろ	-	つきわいろ|ときわいる|ときやいろ|とけわいろ|ときわえろ
4	鳩羽色	はとばいろ	-	へとばいろ|はとばいる|はとべいろ|はつばいろ|はとばえろ
4	帚木	ははきぎ	-	へはきぎ|ははきげ|ははけぎ|はへきぎ|ほはきぎ
4	山帰来	さんきらい	-	せんきらい|さんきらえ|さんけらい|さむきらい|さんきれい
4	狗尾草	えのころぐさ	-	いのころぐさ|えのころぐせ|えのこるぐさ|えぬころぐさ|えのころごさ
4	水芭蕉	みずばしょう	-	めずばしょう|みずばしょお|みずべしょう|みぞばしょう|みずばしゃう
4	吾亦紅	われもこう	-	やれもこう|われもこお|われむこう|わりもこう|われもくう
4	浜木綿	はまゆう	-	へまゆう|はまゆお|はまよう|はめゆう|ほまゆう
4	鬼百合	おにゆり	-	うにゆり|おにゆれ|おにより|おねゆり|あにゆり
4	藪蘭	やぶらん	-	よぶらん|やぶらむ|やぶれん|やぼらん|ゆぶらん
4	山法師	やまぼうし	-	よまぼうし|やまぼうせ|やまぶうし|やめぼうし|やまぼおし
4	木斛	もっこく	-	むっこく|もっここ|もっくく|もつこく|まっこく
4	柊南天	ひいらぎなんてん	-	へいらぎなんてん|ひいらぎなんてむ|ひいらぎねんてん|ひえらぎなんてん|ひいらぎなんちん
4	忍冬	すいかずら	-	そいかずら|すいかずれ|すいけずら|すえかずら|すいかぞら
4	接骨木	にわとこ	-	ねわとこ|にわとく|にわつこ|にやとこ|なわとこ
4	弟切草	おとぎりそう	-	うとぎりそう|おとぎりそお|おとぎれそう|おつぎりそう|おとぎりすう
4	仙人草	せんにんそう	-	しんにんそう|せんにんそお|せんにむそう|せむにんそう|せんにんすう
4	藪柑子	やぶこうじ	-	よぶこうじ|やぶこうぜ|やぶくうじ|やぼこうじ|やぶこおじ
4	松葉蘭	まつばらん	-	めつばらん|まつばらむ|まつべらん|まとばらん|まつばれん
4	錦木	にしきぎ	-	ねしきぎ|にしきげ|にしけぎ|にせきぎ|なしきぎ
4	白膠木	ぬるで	-	のるで|ぬるぢ|ぬろで|ねるで|ぬるど
4	野茨	のいばら	-	ぬいばら|のいばれ|のいべら|のえばら|ないばら
4	海鵜	うみう	-	おみう|うみお|うめう|えみう|うみえ
4	鵜飼	うかい	-	おかい|うかえ|うけい|えかい|うかう
4	鴲	しめ	-	せめ|しみ|さめ|しも|じめ
4	鷭	ばん	-	べん|ばむ|ばの|ばんい|ばんえ
4	鶤鶏	とうまる	-	つうまる|とうまろ|とうめる|とおまる|たうまる
4	椋鳥	むくどり	-	もくどり|むくどれ|むくづり|むこどり|めくどり
4	鱠残魚	しらうお	-	しろうお|しらおう|しらうえ|しらうおう|しらうき
4	鯥	むつ	-	もつ|むと|めつ|むて|ぬつ
4	鰉	ひがい	-	へがい|ひがえ|ひげい|はがい|ひがう
4	鯎	うぐい	-	おぐい|うぐえ|うごい|えぐい|うぐう
4	鱟	かぶとがに	-	けぶとがに|かぶとがね|かぶつがに|かぼとがに|かぶとげに
4	鱪	しいら	-	せいら|しいれ|しえら|さいら|しいろ
4	海鼠腸	このわた	-	くのわた|このわて|このやた|こぬわた|かのわた
4	蟻地獄	ありじごく	-	えりじごく|ありじごこ|ありぜごく|あれじごく|ありじぐく
4	螟蛉	めいれい	-	みいれい|めいれえ|めいりい|めえれい|もいれい
4	蛍烏賊	ほたるいか	-	ふたるいか|ほたるいけ|ほたろいか|ほてるいか|ほたるえか
4	女郎蜘蛛	じょろうぐも	-	じゃろうぐも|じょろうぐむ|じょろおぐも|じょるうぐも|じょろうごも
4	尺蠖	しゃくとりむし	-	しゅくとりむし|しゃくとりむせ|しゃくとれむし|しゃことりむし|しゃくとりもし
4	海扇	ほたて	-	ふたて|ほたち|ほてて|はたて|ほたと
4	床伏	とこぶし	-	つこぶし|とこぶせ|とこぼし|とくぶし|たこぶし
4	霹靂	へきれき	-	ひきれき|へきれけ|へきりき|へけれき|ほきれき
4	霾	つちふる	-	とちふる|つちふろ|つちほる|つてふる|てちふる
4	東雲色	しののめいろ	-	せののめいろ|しののめいる|しののみいろ|しぬのめいろ|しののめえろ
4	玉響	たまゆら	-	てまゆら|たまゆれ|たまよら|ためゆら|とまゆら
4	泡沫	うたかた	-	おたかた|うたかて|うたけた|うてかた|えたかた
4	細流	せせらぎ	-	しせらぎ|せせらげ|せせれぎ|せしらぎ|そせらぎ
4	朝東風	あさごち	-	えさごち|あさごて|あさぐち|あせごち|おさごち
4	瀞	とろ	-	つろ|とる|たろ|とら|とれ
4	鴟尾	しび	-	せび|しべ|さび|しば|じび
4	風鐸	ふうたく	-	ほうたく|ふうたこ|ふうてく|ふおたく|へうたく
4	斗栱	ときょう	-	つきょう|ときょお|ときゃう|たきょう|ときょえ
4	虹梁	こうりょう	-	くうりょう|こうりょお|こうりゃう|こおりょう|かうりょう
4	木鼻	きばな	-	けばな|きばね|きべな|かばな|きばの
4	花頭窓	かとうまど	-	けとうまど|かとうまづ|かとおまど|かつうまど|かとうめど
4	築地塀	ついじべい	-	といじべい|ついじべえ|ついぜべい|つえじべい|ついじびい
4	須弥壇	しゅみだん	-	しゃみだん|しゅみだむ|しゅみでん|しゅめだん|しょみだん
4	妻戸	つまど	-	とまど|つまづ|つめど|てまど|つまだ
4	連子	れんじ	-	りんじ|れんぜ|れむじ|ろんじ|れんざ
4	蔀戸	しとみど	-	せとみど|しとみづ|しとめど|しつみど|さとみど
4	唐破風	からはふ	-	けらはふ|からはほ|からへふ|かれはふ|こらはふ
4	微睡む	まどろむ	-	めどろむ|まどろも|まどるむ|まづろむ|もどろむ
4	揺蕩う	たゆたう	-	てゆたう|たゆたお|たゆてう|たよたう|とゆたう
4	彳む	たたずむ	-	てたずむ|たたずも|たたぞむ|たてずむ|とたずむ
4	屯する	たむろする	-	てむろする|たむろすろ|たむるする|たもろする|たむろそる
4	蹲う	つくばう	-	とくばう|つくばお|つくべう|つこばう|てくばう
4	拱く	こまぬく	-	くまぬく|こまぬこ|こまのく|こめぬく|かまぬく
4	穿る	ほじる	-	ふじる|ほじろ|ほぜる|はじる|ほじれ
4	穿つ	うがつ	-	おがつ|うがと|うげつ|えがつ|うがて
4	毟る	むしる	-	もしる|むしろ|むせる|めしる|むしれ
4	抓る	つねる	-	とねる|つねろ|つにる|てねる|つねれ
4	擽る	くすぐる	-	こすぐる|くすぐろ|くすごる|くそぐる|けすぐる
4	縋る	すがる	-	そがる|すがろ|すげる|せがる|すがれ
4	燻る	くすぶる	-	こすぶる|くすぶろ|くすぼる|くそぶる|けすぶる
4	呻く	うめく	-	おめく|うめこ|うみく|えめく|うめけ
4	魘される	うなされる	-	おなされる|うなされろ|うなせれる|うねされる|うなさりる
4	傅く	かしずく	-	けしずく|かしずこ|かしぞく|かせずく|こしずく
4	畏まる	かしこまる	-	けしこまる|かしこまろ|かしくまる|かせこまる|かしこめる
4	謙る	へりくだる	-	ひりくだる|へりくだろ|へりこだる|へれくだる|へりくでる
4	憚る	はばかる	-	へばかる|はばかろ|はばける|はべかる|ほばかる
4	慫慂	しょうよう	-	しゃうよう|しょうよお|しょうゆう|しょおよう|しゅうよう
4	松毬	まつぼっくり	鹿茸|辣韭|忍冬	-
4	啄木鳥	きつつき	鴛鴦|翡翠|鶤鶏	-
4	馴鹿	となかい	土豚|羚羊|豪猪	-
4	戦く	おののく	嘯く|嘶く|拱く	-
4	徐に	おもむろに	徒に|偏に|夙に	-
4	仙人掌	さぼてん	合歓木|無花果|木天蓼	-
4	玉蜀黍	とうもろこし	狗尾草|水芭蕉|弟切草	-
4	鸚鵡	おうむ	軍鶏|海鵜|鵜飼	-
4	水黽	あめんぼ	蛞蝓|螟蛉|蜈蚣	-
4	悍ましい	おぞましい	禍々しい|覚束ない|恭しい	-
4	石楠花	しゃくなげ	百日紅|女郎花|虎耳草	-
4	木槿	むくげ	躑躅|苧麻|慈姑	-
4	百日紅	さるすべり	石楠花|女郎花|虎耳草	-
4	合歓木	ねむのき	仙人掌|無花果|木天蓼	-
4	翻車魚	まんぼう	柳葉魚|寄居虫|鱠残魚	-
4	女郎花	おみなえし	石楠花|百日紅|虎耳草	-
4	海胆	うに	海鞘|海鼠|海獺	-
4	馬酔木	あせび	白膠木|仙人掌|合歓木	-
4	薺	なずな	樒|楝|梓	-
4	独活	うど	柘植|羊歯|木槿	-
4	薇	ぜんまい	槐|榛|薺	-
4	鴛鴦	おしどり	翡翠|鶤鶏|椋鳥	-
4	翡翠	かわせみ	鴛鴦|鶤鶏|椋鳥	-
4	海鼠	なまこ	海獺|蝦蛄|海扇	-
4	顰蹙	ひんしゅく	蹂躙|収斂|慫慂	-
4	鶉	うずら	鶫|鵆|鶲	-
4	鵯	ひよどり	鶉|鶫|鸛	-
4	齟齬	そご	稀有|忸怩|跋扈	-
4	柳葉魚	ししゃも	翻車魚|寄居虫|鱠残魚	-
4	鮟鱇	あんこう	床伏|海鼠|海獺	-
4	鰊	にしん	蜆|魳|鰉	-
4	海獺	らっこ	海鼠|蝦蛄|海扇	-
4	翳す	かざす	躱す|賺す|咽ぶ	-
4	貂	てん	狢|馴鹿|土豚	-
4	豪猪	やまあらし	馴鹿|土豚|羚羊	-
4	狢	むじな	貂|馴鹿|土豚	-
4	土豚	つちぶた	馴鹿|羚羊|豪猪	-
4	羚羊	かもしか	馴鹿|土豚|豪猪	-
4	軍鶏	しゃも	鸚鵡|海鵜|鵜飼	-
4	鶫	つぐみ	鶉|鵆|鶲	-
4	鵺	ぬえ	鴲|鷭|鶉	-
4	躱す	かわす	翳す|賺す|咽ぶ	-
4	蛞蝓	なめくじ	水黽|螟蛉|蜈蚣	-
4	面差し	おもざし	鳩尾|雀斑|靨	-
4	海鞘	ほや	海胆|海鼠|海獺	-
4	鹿尾菜	ひじき	海胆|海鼠|心太	-
4	心太	ところてん	鹿尾菜|海胆|海鼠	-
4	所謂	いわゆる	努努|只管|一入	-
4	鰰	はたはた	鰊|蜆|魳	-
4	躊躇う	ためらう	揺蕩う|悄気る|微睡む	-
4	噎せる	むせる	託ける|畏まる|宥める	-
4	咽ぶ	むせぶ	翳す|躱す|捩る	-
4	捩る	ねじる	嬲る|啜る|吃る	-
4	忸怩	じくじ	跋扈|齟齬|屹立	-
4	貪る	むさぼる	嘲る|擽る|燻る	-
4	慈しむ	いつくしむ	託ける|拐かす|窘める	-
4	宥める	なだめる	窘める|噎せる|慈しむ	-
4	老獪	ろうかい	頑迷|茫洋|居丈高	-
4	頑迷	がんめい	老獪|茫洋|居丈高	-
4	茫洋	ぼうよう	老獪|頑迷|居丈高	-
4	蹂躙	じゅうりん	顰蹙|収斂|慫慂	-
4	跋扈	ばっこ	忸怩|齟齬|屹立	-
4	収斂	しゅうれん	顰蹙|蹂躙|慫慂	-
4	躑躅	つつじ	木槿|苧麻|慈姑	-
4	屹立	きつりつ	顰蹙|忸怩|蹂躙	-
4	嗜む	たしなむ	蔑む|彳む|竦む	-
4	朧月	おぼろづき	旋風|漁火|薫風	-
4	蔑む	さげすむ	嗜む|彳む|竦む	-
4	漁火	いさりび	薫風|霹靂|玉響	-
4	不知火	しらぬい	朝東風|漁火|薫風	-
4	嘲る	あざける	貪る|擽る|燻る	-
4	竦む	すくむ	噤む|嗜む|蔑む	-
4	足枷	あしかせ	雪洞|手枷|御櫃	-
4	颪	おろし	霾|瀞|野分	-
4	野分	のわき	山背|漁火|東風	-
4	旋風	つむじかぜ	朧月|漁火|薫風	-
4	東風	こち	南風|野分|山背	-
4	南風	はえ	東風|野分|山背	-
4	山背	やませ	野分|漁火|東風	-
4	薫風	くんぷう	漁火|霹靂|玉響	-
4	雪洞	ぼんぼり	足枷|手枷|御櫃	-
4	手枷	てかせ	御櫃|轆轤|足枷	-
4	恭しい	うやうやしい	夥しい|禍々しい|目映い	-
4	轍	わだち	鞴|手枷|御櫃	-
4	覚束ない	おぼつかない	禍々しい|悍ましい|恭しい	-
4	居丈高	いたけだか	目映い|老獪|頑迷	-
4	息急き切る	いきせききる	不貞腐れる|託ける|畏まる	-
4	偏に	ひとえに	徐に|夙に|徒に	-
4	頻りに	しきりに	挙って|直向き|弥増す	-
4	御櫃	おひつ	手枷|轆轤|足枷	-
4	稀有	けう	齟齬|忸怩|跋扈	-
4	禍々しい	まがまがしい	覚束ない|悍ましい|恭しい	-
4	夥しい	おびただしい	恭しい|禍々しい|目映い	-
4	鳩尾	みぞおち	雀斑|靨|面差し	-
4	目映い	まばゆい	恭しい|夥しい|居丈高	-
4	靨	えくぼ	鳩尾|雀斑|面差し	-
4	弄ぶ	もてあそぶ	謙る|戦く|貪る	-
4	雀斑	そばかす	鳩尾|靨|面差し	-
4	無花果	いちじく	仙人掌|合歓木|木天蓼	-
4	木耳	きくらげ	三椏|枸橘|梧桐	-
4	樒	しきみ	榊|柊|椿|槙|楮	-
4	槐	えんじゅ	楡|榎|楝|栴檀|欅	-
4	楝	おうち	槐|楡|榎|栴檀|柾	-
4	梓	あずさ	楮|榎|楢|欅|槙	-
4	楮	こうぞ	三椏|桑|梶|榊|柞	-
4	三椏	みつまた	楮|木賊|菅|芒|葛	-
4	木天蓼	またたび	木通|山帰来|五加|茱萸|枸杞	-
4	枸橘	からたち	柚子|柑子|山椒|金柑|檸檬	-
4	棗	なつめ	茱萸|枇杷|金柑|胡桃|柘榴	-
4	柘植	つげ	柾|槙|楮|榊|樫	-
4	欅	けやき	楢|樫|椎|楡|槐	-
4	柾	まさき	柘植|槙|榊|楮|欅	-
4	槙	まき	柾|榊|柘植|樫|楢	-
4	椈	ぶな	楢|樫|椎|欅|楡	-
4	梧桐	あおぎり	梓|楸|榎|槐|栴檀	-
4	榛	はんのき	楢|樫|椎|梓|楡	-
4	栴檀	せんだん	槐|楝|梧桐|欅|楡	-
4	無患子	むくろじ	胡桃|茱萸|棗|山査子|枸杞	-
4	皂莢	さいかち	槐|楝|栴檀|無患子|楮	-
4	海棠	かいどう	山茶花|沈丁花|石楠花|木槿|撫子	-
4	鴨跖草	つゆくさ	撫子|竜胆|桔梗|蓬|薺	-
4	菅	すげ	蒲|葦|茅|藺|芒	-
4	蓼	たで	芹|蕗|薺|蓬|茗荷	-
4	苧麻	ちょま	麻|藺|葛|楮|芒	-
4	羊歯	しだ	薇|蕨|苔|藻|蓬	-
4	蕺草	どくだみ	蓼|蓬|薺|芹|蕗	-
4	虎耳草	ゆきのした	雪割草|福寿草|撫子|竜胆|桔梗	-
4	鹿茸	ろくじょう	鹿角|角茸|麝香|羚羊|鹿皮	-
4	慈姑	くわい	蓮根|芋茎|牛蒡|蕪|蕗	-
4	辣韭	らっきょう	韮|葱|大蒜|茗荷|生姜	-
4	蜆	しじみ	蛤|浅蜊|牡蠣|栄螺|蛸	-
4	蝦蛄	しゃこ	海老|蟹|烏賊|蛸|海鼠	-
4	寄居虫	やどかり	蟹|蝦蛄|海老|海胆|海鼠	-
4	蛸	たこ	烏賊|海胆|海鼠|蛤|蜆	-
4	魳	かます	鯵|鯖|鱚|鯊|鯔	-
4	鸛	こうのとり	鷺|鶴|雁|鴫|鴇	-
4	鷦鷯	みそさざい	駒鳥|山雀|頬白|雲雀|鵯	-
4	鵆	ちどり	鴫|鷺|雁|鴇|鴎	-
4	鶲	ひたき	瑠璃鶲|尉鶲|黄鶲|駒鳥|雲雀	-
4	蛆	うじ	蛹|蚋|虻|蠅|蚊	-
4	虻	あぶ	蚋|蚊|蠅|蜂|蛆	-
4	蛹	さなぎ	蛆|繭|蚕|蝶|蛾	-
4	蜈蚣	むかで	蠍|蚰蜒|馬陸|蜘蛛|蛞蝓	-
4	蠍	さそり	蜈蚣|蜘蛛|蟹|蝮|蛞蝓	-
4	蜥蜴	とかげ	守宮|蟒蛇|蝮|蛙|蛞蝓	-
4	夙に	つとに	予て|既に|早々|予々|平素	-
4	悉く	ことごとく	殆ど|凡そ|全て|遍く|漏れなく	-
4	挙って	こぞって	揃って|競って|集って|連れて|伴って	-
4	努努	ゆめゆめ	決して|断じて|努めて|極々|到底	-
4	苟も	いやしくも	仮にも|少なくとも|何卒|努努|徒に	-
4	蔑ろ	ないがしろ	疎か|軽視|粗略|放置|等閑	-
4	直向き	ひたむき	一途|一心|只管|真摯|専心	-
4	只管	ひたすら	専ら|一途|直向き|黙々|終始	-
4	一入	ひとしお	一際|格別|殊更|一層|一段と	-
4	弥増す	いやます	増々|高まる|募る|弥栄|増幅	-
4	如何様	いかさま	如何|如何にも|所謂|何様|如何程	-
4	何某	なにがし	某氏|某人|誰某|何人|某者	-
4	漫ろ	そぞろ	徒然|漫然|漠然|何となく|無闇	-
4	頗る	すこぶる	甚だ|極めて|大層|随分|殊更	-
4	辛うじて	かろうじて	漸く|何とか|辛くも|僅かに|やっと	-
4	剰え	あまつさえ	更に|加えて|況して|尚且つ|其上	-
4	況や	いわんや	況して|まして|ましてや|尚更|当然	-
4	嘸	さぞ	如何にも|定めし|きっと|恐らく|必ず	-
4	予々	かねがね	予て|常々|平素|以前|折々	-
4	旁々	かたがた	序でに|併せて|兼ねて|折々|諸々	-
4	徒に	いたずらに	無闇に|漫然と|徒然に|無駄に|空しく	-
4	矢鱈	やたら	無闇|滅多|滅法|頻り|徒に	-
4	滅法	めっぽう	非常に|頗る|大層|極端|甚だ	-
4	俄か	にわか	突然|急遽|不意|忽然|俄然	-
4	抑々	そもそも	元来|本来|凡そ|第一|元々	-
4	嘯く	うそぶく	呟く|囁く|喚く|嘲る|吠える	-
4	嬲る	なぶる	弄ぶ|苛む|虐げる|嘲る|揶う	-
4	賺す	すかす	宥める|騙す|誑す|慰める|丸め込む	-
4	託ける	かこつける	託つ|言い訳する|取り繕う|誤魔化す|口実にする	-
4	拐かす	かどわかす	攫う|誘う|誑かす|連れ去る|騙す	-
4	攫う	さらう	奪取|連れ去る|誘拐|持ち去る|掠める	-
4	噤む	つぐむ	閉ざす|黙る|塞ぐ|結ぶ|押し黙る	-
4	啜る	すする	舐める|飲む|吸う|噛む|呑む	-
4	嘶く	いななく	吠える|唸る|鳴く|囀る|咆える	-
4	吃る	どもる	噛む|詰まる|淀む|口籠る|躓く	-
4	窘める	たしなめる	諫める|戒める|叱る|咎める|宥める	-
4	謗る	そしる	罵る|蔑む|嘲る|貶す|咎める	-
4	気圧される	けおされる	怯む|圧倒される|気後れする|竦む|臆する	-
4	気触れる	かぶれる	爛れる|荒れる|腫れる|染まる|痒がる	-
4	靡く	なびく	揺れる|翻る|棚引く|傾く|流れる	-
4	拭う	ぬぐう	拭く|払う|擦る|洗う|清める	-
4	悄気る	しょげる	萎れる|落ち込む|塞ぐ|項垂れる|気落ちする	-
4	不貞腐れる	ふてくされる	拗ねる|腐る|ふて寝する|僻む|むくれる	-
4	破落戸	ごろつき	無頼漢|ならず者|悪漢|遊び人|博徒	-
4	脚絆	きゃはん	手甲|袴|足袋|草鞋|草履	-
4	狩衣	かりぎぬ	直垂|水干|束帯|衣冠|帷子	-
4	直垂	ひたたれ	狩衣|水干|束帯|裃|帷子	-
4	帷子	かたびら	狩衣|単衣|直垂|水干|襦袢	-
4	蔀	しとみ	障子|襖|簾|格子|板戸	-
4	懸魚	げぎょ	破風|鬼瓦|欄間|蟇股|鴟尾	-
4	蟇股	かえるまた	懸魚|斗栱|欄間|垂木|破風	-
4	簀子	すのこ	縁側|板間|畳|筵|土間	-
4	網代	あじろ	簾|格子|板戸|筵|垣根	-
4	鞴	ふいご	送風機|炉|火床|金床|砥石	-
4	轆轤	ろくろ	糸車|滑車|車輪|旋盤|巻軸	-
4	躑躅色	つつじいろ	鴇色|利休鼠|胡桃色|海松色|猩々緋	-
4	鴇色	ときいろ	利休鼠|胡桃色|海松色|猩々緋|納戸色	-
4	利休鼠	りきゅうねず	胡桃色|海松色|猩々緋|納戸色|錆浅葱	-
4	胡桃色	くるみいろ	海松色|猩々緋|納戸色|錆浅葱|甕覗き	-
4	海松色	みるいろ	猩々緋|納戸色|錆浅葱|甕覗き|桔梗色	-
4	猩々緋	しょうじょうひ	納戸色|錆浅葱|甕覗き|桔梗色|鉄紺	-
4	納戸色	なんどいろ	錆浅葱|甕覗き|桔梗色|鉄紺|杜若色	-
4	錆浅葱	さびあさぎ	甕覗き|桔梗色|鉄紺|杜若色|勝色	-
4	甕覗き	かめのぞき	桔梗色|鉄紺|杜若色|勝色|藍鼠	-
4	桔梗色	ききょういろ	鉄紺|杜若色|勝色|藍鼠|新橋色	-
4	鉄紺	てつこん	杜若色|勝色|藍鼠|新橋色|勿忘草色	-
4	杜若色	かきつばたいろ	勝色|藍鼠|新橋色|勿忘草色|紺青	-
4	勝色	かちいろ	藍鼠|新橋色|勿忘草色|紺青|瑠璃紺	-
4	藍鼠	あいねず	新橋色|勿忘草色|紺青|瑠璃紺|常磐色	-
4	新橋色	しんばしいろ	勿忘草色|紺青|瑠璃紺|常磐色|鳩羽色	-
4	勿忘草色	わすれなぐさいろ	紺青|瑠璃紺|常磐色|鳩羽色|躑躅色	-
4	紺青	こんじょう	瑠璃紺|常磐色|鳩羽色|躑躅色|鴇色	-
4	瑠璃紺	るりこん	常磐色|鳩羽色|躑躅色|鴇色|利休鼠	-
4	常磐色	ときわいろ	鳩羽色|躑躅色|鴇色|利休鼠|胡桃色	-
4	鳩羽色	はとばいろ	躑躅色|鴇色|利休鼠|胡桃色|海松色	-
4	帚木	ははきぎ	山帰来|狗尾草|水芭蕉|吾亦紅|浜木綿	-
4	山帰来	さんきらい	狗尾草|水芭蕉|吾亦紅|浜木綿|鬼百合	-
4	狗尾草	えのころぐさ	水芭蕉|吾亦紅|浜木綿|鬼百合|藪蘭	-
4	水芭蕉	みずばしょう	吾亦紅|浜木綿|鬼百合|藪蘭|山法師	-
4	吾亦紅	われもこう	浜木綿|鬼百合|藪蘭|山法師|木斛	-
4	浜木綿	はまゆう	鬼百合|藪蘭|山法師|木斛|柊南天	-
4	鬼百合	おにゆり	藪蘭|山法師|木斛|柊南天|忍冬	-
4	藪蘭	やぶらん	山法師|木斛|柊南天|忍冬|接骨木	-
4	山法師	やまぼうし	木斛|柊南天|忍冬|接骨木|弟切草	-
4	木斛	もっこく	柊南天|忍冬|接骨木|弟切草|仙人草	-
4	柊南天	ひいらぎなんてん	忍冬|接骨木|弟切草|仙人草|藪柑子	-
4	忍冬	すいかずら	接骨木|弟切草|仙人草|藪柑子|松葉蘭	-
4	接骨木	にわとこ	弟切草|仙人草|藪柑子|松葉蘭|錦木	-
4	弟切草	おとぎりそう	仙人草|藪柑子|松葉蘭|錦木|白膠木	-
4	仙人草	せんにんそう	藪柑子|松葉蘭|錦木|白膠木|野茨	-
4	藪柑子	やぶこうじ	松葉蘭|錦木|白膠木|野茨|帚木	-
4	松葉蘭	まつばらん	錦木|白膠木|野茨|帚木|山帰来	-
4	錦木	にしきぎ	白膠木|野茨|帚木|山帰来|狗尾草	-
4	白膠木	ぬるで	野茨|帚木|山帰来|狗尾草|水芭蕉	-
4	野茨	のいばら	帚木|山帰来|狗尾草|水芭蕉|吾亦紅	-
4	海鵜	うみう	鸚鵡|軍鶏|鵜飼|鴛鴦|翡翠	-
4	鵜飼	うかい	鸚鵡|軍鶏|海鵜|鴛鴦|翡翠	-
4	鴲	しめ	鵺|鷭|鶉|鶫|鵆	-
4	鷭	ばん	鵺|鴲|鶉|鶫|鵆	-
4	鶤鶏	とうまる	鴛鴦|翡翠|椋鳥|鸚鵡|軍鶏	-
4	椋鳥	むくどり	鴛鴦|翡翠|鶤鶏|鸚鵡|軍鶏	-
4	鱠残魚	しらうお	翻車魚|柳葉魚|寄居虫|海鼠腸|鹿尾菜	-
4	鯥	むつ	蛸|鰊|蜆|魳|鰉	-
4	鰉	ひがい	鰊|蜆|魳|鯎|鱪	-
4	鯎	うぐい	鰊|蜆|魳|鰉|鱪	-
4	鱟	かぶとがに	鰰|鰊|蜆|魳|鰉	-
4	鱪	しいら	鰊|蜆|魳|鰉|鯎	-
4	海鼠腸	このわた	翻車魚|柳葉魚|寄居虫|鱠残魚|鹿尾菜	-
4	蟻地獄	ありじごく	水黽|蛞蝓|螟蛉|女郎蜘蛛|蜈蚣	-
4	螟蛉	めいれい	水黽|蛞蝓|蜈蚣|蜥蜴|尺蠖	-
4	蛍烏賊	ほたるいか	翻車魚|柳葉魚|寄居虫|鱠残魚|海鼠腸	-
4	女郎蜘蛛	じょろうぐも	蟻地獄|尺蠖|水黽|蛞蝓|螟蛉	-
4	尺蠖	しゃくとりむし	水黽|蛞蝓|螟蛉|蜈蚣|蜥蜴	-
4	海扇	ほたて	海鼠|海獺|蝦蛄|海胆|鮟鱇	-
4	床伏	とこぶし	鮟鱇|海鼠|海獺|心太|蝦蛄	-
4	霹靂	へきれき	漁火|薫風|玉響|泡沫|細流	-
4	霾	つちふる	颪|瀞|漁火|薫風|霹靂	-
4	東雲色	しののめいろ	利休鼠|桔梗色|新橋色|躑躅色|胡桃色	-
4	玉響	たまゆら	漁火|薫風|霹靂|泡沫|細流	-
4	泡沫	うたかた	漁火|薫風|霹靂|玉響|細流	-
4	細流	せせらぎ	漁火|薫風|霹靂|玉響|泡沫	-
4	朝東風	あさごち	不知火|漁火|薫風|霹靂|玉響	-
4	瀞	とろ	颪|霾|東風|南風|野分	-
4	鴟尾	しび	懸魚|簀子|網代|木鼻|妻戸	-
4	風鐸	ふうたく	斗栱|蔀戸|懸魚|蟇股|簀子	-
4	斗栱	ときょう	風鐸|蔀戸|懸魚|蟇股|簀子	-
4	虹梁	こうりょう	蟇股|風鐸|斗栱|蔀戸|懸魚	-
4	木鼻	きばな	懸魚|簀子|網代|妻戸|連子	-
4	花頭窓	かとうまど	築地塀|須弥壇|唐破風|蟇股|虹梁	-
4	築地塀	ついじべい	花頭窓|須弥壇|唐破風|蟇股|虹梁	-
4	須弥壇	しゅみだん	花頭窓|築地塀|唐破風|蟇股|虹梁	-
4	妻戸	つまど	懸魚|簀子|網代|木鼻|連子	-
4	連子	れんじ	懸魚|簀子|網代|木鼻|鴟尾	-
4	蔀戸	しとみど	風鐸|斗栱|懸魚|蟇股|簀子	-
4	唐破風	からはふ	花頭窓|築地塀|須弥壇|風鐸|斗栱	-
4	微睡む	まどろむ	躊躇う|悄気る|揺蕩う|慈しむ|嗜む	-
4	揺蕩う	たゆたう	躊躇う|悄気る|微睡む|蹲う|攫う	-
4	彳む	たたずむ	嗜む|蔑む|竦む|噤む|戦く	-
4	屯する	たむろする	慈しむ|託ける|拐かす|窘める|畏まる	-
4	蹲う	つくばう	攫う|拭う|戦く|貪る|嗜む	-
4	拱く	こまぬく	戦く|嘯く|嘶く|傅く|靡く	-
4	穿る	ほじる	捩る|嬲る|啜る|吃る|謗る	-
4	穿つ	うがつ	翳す|躱す|咽ぶ|捩る|竦む	-
4	毟る	むしる	捩る|嬲る|啜る|吃る|穿る	-
4	抓る	つねる	捩る|嬲る|啜る|吃る|毟る	-
4	擽る	くすぐる	貪る|嘲る|燻る|憚る|捩る	-
4	縋る	すがる	捩る|嬲る|啜る|吃る|抓る	-
4	燻る	くすぶる	貪る|嘲る|擽る|憚る|捩る	-
4	呻く	うめく	靡く|戦く|嘯く|嘶く|拱く	-
4	魘される	うなされる	気触れる|気圧される|不貞腐れる|慈しむ|託ける	-
4	傅く	かしずく	戦く|嘯く|嘶く|拱く|呻く	-
4	畏まる	かしこまる	託ける|噎せる|慈しむ|拐かす|窘める	-
4	謙る	へりくだる	貪る|嘲る|擽る|燻る|憚る	-
4	憚る	はばかる	貪る|嘲る|擽る|燻る|捩る	-
4	慫慂	しょうよう	顰蹙|蹂躙|収斂|屹立|忸怩	-
5	虞美人草	ぐびじんそう	穿山甲|麝香鹿|彼誰時|何首烏|鳳仙花	せんざんこう|かわたれどき|つるどくだみ|じゃこうじか|かやつりぐさ
5	車前草	おおばこ	食蟻獣|酢漿草|鮎魚女|玉筋魚|擂粉木	おなもみ|かずのこ|すりこぎ|いかなご|あいなめ
5	繁縷	はこべ	跛行|蠑螈|木賊|野老|通草	はこう|やすで|ききょ|てんゆ|いもり
5	酢漿草	かたばみ	玉筋魚|車前草|食蟻獣|鮎魚女|擂粉木	おなもみ|こめかみ|かんらん|かずのこ|かささぎ
5	羊蹄	ぎしぎし	鶺鴒|儒艮|巻耳|甘藍|射干	じゅごん|ふくそう|ひおうぎ|かんらん|つぶさに
5	蒴藋	そくず	欷歔|水鶏|蠑螈|木賊|野老	ところ|ききょ|ふえん|はこべ|にじる
5	虎杖	いたどり	鳶尾|蜚蠊|儒艮|巻耳|甘藍	ごきぶり|いちはつ|いかなご|せきれい|もたらす
5	藪枯	やぶがらし	燧石|戴勝|螽斯|樹懶|脹脛	やつがしら|ひうちいし|おとこえし|いのこずち|きりぎりす
5	通草	あけび	野老|萵苣|蒴藋|馬陸|繁縷	あさり|しらん|ちしゃ|とくさ|いんこ
5	野老	ところ	木賊|通草|諂諛|栄螺|蒴藋	とくさ|にじる|てんゆ|やすで|しらん
5	何首烏	つるどくだみ	彼誰時|穿山甲|麝香鹿|蕃紅花|凌霄花	じゃこうじか|かわたれどき|せんざんこう|かやつりぐさ|ぐびじんそう
5	軈て	やがて	瞞す|躙る|峙つ|齎す|健か	やすで|いもり|てんゆ|だます|さざえ
5	風信子	ひやしんす	信天翁|蕃紅花|鳳仙花|金鳳花|男郎花	たぶらかす|ひきがえる|きりぎりす|ひうちいし|あほうどり
5	蕃紅花	ばんこうか	鳳仙花|信天翁|膃肭臍|男郎花|風信子	ほうせんか|おっとせい|おにおこぜ|ひやしんす|けしかける
5	万年青	おもと	零余子|車前草|擂粉木|食蟻獣|玉筋魚	むかご|さざえ|ところ|あけび|だます
5	木賊	とくさ	野老|馬陸|萵苣|栄螺|蒴藋	ところ|やすで|いもり|にじる|てんゆ
5	石斛	せっこく	木菟|鶺鴒|闡明|輻輳|孑孑	みみずく|せんめい|せきれい|よろめく|かんらん
5	鳳仙花	ほうせんか	蕃紅花|鬼虎魚|金鳳花|風信子|信天翁	ばんこうか|たぶらかす|ひやしんす|けしかける|おっとせい
5	金鳳花	きんぽうげ	蕃紅花|鳳仙花|信天翁|鬼虎魚|燕子花	きりぎりす|ひやしんす|おとこえし|おにおこぜ|あほうどり
5	鳶尾	いちはつ	虎杖|蚰蜒|忿懣|儒艮|巻耳	そばだつ|いたどり|いかなご|したたか|こうかん
5	燕子花	かきつばた	風信子|男郎花|金鳳花|鬼虎魚|信天翁	かくしゃく|かいつぶり|ほうせんか|あほうどり|おとこえし
5	射干	ひおうぎ	謦咳|忿懣|倥偬|顳顬|輻輳	すりこぎ|かささぎ|げじげじ|けんかい|けんどん
5	莎草	かやつりぐさ	矍鑠|脹脛|渺茫|燧石|樹懶	かわたれどき|せんざんこう|つるどくだみ|じゃこうじか|ぐびじんそう
5	須く	すべからく	峙つ|齎す|具に|健か|瞞す	かくしゃく|ひきがえる|やぶがらし|ようちょう|ふくらはぎ
5	甘藍	かんらん	浩瀚|慳貪|杳然|忿懣|儒艮	ようぜん|じゅごん|けんどん|ふんまん|こうかん
5	萵苣	ちしゃ	栄螺|蠑螈|木賊|野老|通草	ところ|そくず|ききょ|ふえん|はこべ
5	巻耳	おなもみ	顳顬|羊蹄|射干|謦咳|蜚蠊	こめかみ|かたばみ|おおばこ|けんかい|いちはつ
5	牛膝	いのこずち	矍鑠|戴勝|渺茫|脹脛|螽斯	ようちょう|すべからく|きりぎりす|びょうぼう|やぶがらし
5	白及	しらん	敷衍|咫尺|諂諛|跛行|蒴藋	ふえん|しせき|だます|ちしゃ|とくさ
5	零余子	むかご	万年青|玉筋魚|擂粉木|車前草|鮎魚女	みさご|おもと|あけび|だます|しせき
5	膃肭臍	おっとせい	男郎花|鬼虎魚|信天翁|鳳仙花|金鳳花	おとこえし|おにおこぜ|あほうどり|きんぽうげ|ほうせんか
5	儒艮	じゅごん	浩瀚|忿懣|杳然|甘藍|慳貪	こうかん|ようぜん|けんどん|ふんまん|かんらん
5	狒狒	ひひ	螻蛄|壁蝨|萵苣|馬陸|繁縷	ひわ|だに|けら|かき|のり
5	樹懶	なまけもの	蟾蜍|牛膝|矍鑠|戴勝|窈窕	きりぎりす|ようちょう|すべからく|かくしゃく|ひきがえる
5	食蟻獣	ありくい	鮎魚女|擂粉木|車前草|酢漿草|玉筋魚	あいなめ|けいがい|せきれい|けんかい|せんめい
5	穿山甲	せんざんこう	彼誰時|麝香鹿|何首烏|男郎花|信天翁	ぐびじんそう|じゃこうじか|つるどくだみ|かわたれどき|かやつりぐさ
5	麝香鹿	じゃこうじか	何首烏|穿山甲|彼誰時|鳳仙花|蕃紅花	かわたれどき|つるどくだみ|せんざんこう|かやつりぐさ|ぐびじんそう
5	信天翁	あほうどり	男郎花|燕子花|膃肭臍|金鳳花|鳳仙花	かいつぶり|かきつばた|けしかける|おにおこぜ|おっとせい
5	戴勝	やつがしら	藪枯|矍鑠|窈窕|渺茫|燧石	やぶがらし|なまけもの|ひうちいし|すべからく|いのこずち
5	具に	つぶさに	峙つ|齎す|健か|軈て|瞞す	おなもみ|いちはつ|こうそう|みみずく|そばだつ
5	鸚哥	いんこ	蠑螈|繁縷|栄螺|水鶏|諂諛	いもり|いかる|ちしゃ|とくさ|やがて
5	鶚	みさご	蜊|鵤|鱵|鶸|鯑	むかご|いかる|さより|あさり|とくさ
5	鵲	かささぎ	鯑|鯯|鳰|鱵|鵤	かずのこ|ひおうぎ|かんらん|かたばみ|すりこぎ
5	鶸	ひわ	蠣|鵤|鶚|蜊|鱵	ひひ|かき|けら|だに|びわ
5	鵤	いかる	鱵|鶚|蜊|鯯|鵲	にじる|いんこ|いもり|あさり|さより
5	鳰	かいつぶり	鵲|鯑|鯯|鱵|蜊	かくしゃく|かきつばた|あほうどり|すべからく|ようちょう
5	健か	したたか	齎す|具に|峙つ|軈て|須く	いちはつ|ぎしぎし|じゅごん|けんどん|こうそう
5	螽斯	きりぎりす	矍鑠|燧石|樹懶|脹脛|牛膝	きんぽうげ|ひやしんす|たぶらかす|ふくらはぎ|なまけもの
5	螻蛄	けら	壁蝨|狒狒|通草|栄螺|野老	ひひ|だに|ひわ|かき|ばら
5	蠑螈	いもり	鸚哥|白及|水鶏|野老|木賊	いんこ|さより|いかる|あさり|とくさ
5	蟾蜍	ひきがえる	燧石|渺茫|樹懶|螽斯|脹脛	ひうちいし|けしかける|ひやしんす|すべからく|ふくらはぎ
5	蚰蜒	げじげじ	射干|羊蹄|鳶尾|倥偬|石斛	せんめい|ひおうぎ|じゅごん|もたらす|おなもみ
5	馬陸	やすで	木賊|通草|諂諛|敷衍|蒴藋	やがて|いもり|てんゆ|だます|はこう
5	壁蝨	だに	狒狒|螻蛄|栄螺|繁縷|白及	ひひ|けら|ひわ|かき|うに
5	孑孑	ぼうふら	忿懣|儒艮|巻耳|甘藍|射干	せきれい|ふくそう|けいがい|ひおうぎ|けんどん
5	蜚蠊	ごきぶり	虎杖|謦咳|顳顬|忿懣|慳貪	いたどり|ぎしぎし|もたらす|けんかい|じゅごん
5	凌霄花	のうぜんかずら	麝香鹿|穿山甲|何首烏|彼誰時|鳳仙花	こころもとない|せんざんこう|じゃこうじか|かわたれどき|つるどくだみ
5	男郎花	おとこえし	鬼虎魚|膃肭臍|蕃紅花|鳳仙花|信天翁	おっとせい|おにおこぜ|やぶがらし|ひうちいし|ほうせんか
5	鶺鴒	せきれい	闡明|石斛|狷介|謦咳|杳然	せんめい|せっこく|けんかい|けいがい|ありくい
5	栄螺	さざえ	白及|野老|通草|欷歔|水鶏	さより|てんゆ|だます|いんこ|しせき
5	蜊	あさり	鱵|鶚|鵤|鵲|鶸	さより|あけび|いもり|いかる|みさご
5	蠣	かき	鶸|鱵|鵤|蜊|鶚	ひわ|だに|ひひ|けら|ふき
5	玉筋魚	いかなご	擂粉木|酢漿草|鮎魚女|食蟻獣|車前草	いたどり|いちはつ|すりこぎ|ありくい|あいなめ
5	鯑	かずのこ	鵲|鯯|鳰|蜊|鱵	かささぎ|かんらん|かたばみ|おおばこ|このしろ
5	鱵	さより	蜊|鶚|鵤|鵲|鯑	あさり|いもり|さざえ|みさご|いかる
5	鯯	このしろ	鯑|鵲|鶚|鳰|蜊	こうかん|こうそう|こめかみ|かずのこ|かささぎ
5	鮎魚女	あいなめ	食蟻獣|酢漿草|玉筋魚|車前草|擂粉木	ありくい|いかなご|すりこぎ|おおばこ|かたばみ
5	魴鮄	ほうぼう	輻輳|倥偬|謦咳|忿懣|慳貪	こうそう|ふくそう|こめかみ|ようぜん|じゅごん
5	鬼虎魚	おにおこぜ	男郎花|膃肭臍|信天翁|蕃紅花|金鳳花	おっとせい|おとこえし|ほうせんか|ばんこうか|きんぽうげ
5	木菟	みみずく	石斛|蜚蠊|射干|忿懣|羊蹄	せっこく|よろめく|こうかん|つぶさに|せんめい
5	水鶏	くいな	敷衍|木賊|野老|通草|咫尺	やすで|いもり|とくさ|やがて|ところ
5	瞞す	だます	躙る|軈て|齎す|峙つ|健か	はこう|ちしゃ|とくさ|やがて|ところ
5	謦咳	けいがい	狷介|闡明|鶺鴒|慳貪|杳然	けんかい|せきれい|せんめい|けんどん|ありくい
5	諂諛	てんゆ	水鶏|蠑螈|萵苣|木賊|野老	にじる|さざえ|はこう|やすで|いもり
5	倥偬	こうそう	浩瀚|輻輳|魴鮄|顳顬|慳貪	ふくそう|こうかん|ほうぼう|こめかみ|このしろ
5	欷歔	ききょ	敷衍|木賊|野老|通草|咫尺	だます|そくず|はこべ|てんゆ|しせき
5	咫尺	しせき	白及|栄螺|水鶏|木賊|野老	しらん|ききょ|はこう|ちしゃ|とくさ
5	矍鑠	かくしゃく	燧石|戴勝|藪枯|螽斯|蟾蜍	すべからく|かきつばた|かいつぶり|いのこずち|やつがしら
5	窈窕	ようちょう	渺茫|脹脛|蟾蜍|藪枯|牛膝	びょうぼう|すべからく|やぶがらし|ふくらはぎ|やつがしら
5	忿懣	ふんまん	儒艮|甘藍|杳然|浩瀚|輻輳	かんらん|けんどん|じゅごん|ふくそう|こうかん
5	慳貪	けんどん	狷介|謦咳|杳然|儒艮|忿懣	けんかい|じゅごん|けいがい|こうかん|ようぜん
5	狷介	けんかい	慳貪|謦咳|鶺鴒|闡明|杳然	けいがい|けんどん|せんめい|せきれい|ありくい
5	杳然	ようぜん	儒艮|甘藍|忿懣|慳貪|浩瀚	かんらん|じゅごん|こうかん|けんどん|ふんまん
5	渺茫	びょうぼう	窈窕|脹脛|蟾蜍|藪枯|牛膝	ようちょう|ひきがえる|やつがしら|ふくらはぎ|やぶがらし
5	浩瀚	こうかん	倥偬|儒艮|杳然|慳貪|忿懣	こうそう|けんどん|ふんまん|かんらん|こめかみ
5	跛行	はこう	繁縷|野老|白及|萵苣|木賊	はこべ|ききょ|いんこ|しせき|てんゆ
5	輻輳	ふくそう	倥偬|忿懣|魴鮄|蜚蠊|慳貪	こうそう|ふんまん|ほうぼう|けいがい|げじげじ
5	敷衍	ふえん	白及|木賊|水鶏|野老|通草	しらん|てんゆ|ききょ|ちしゃ|とくさ
5	闡明	せんめい	鶺鴒|狷介|謦咳|石斛|慳貪	せきれい|けいがい|せっこく|けんかい|ありくい
5	齎す	もたらす	健か|峙つ|具に|瞞す|躙る	かんらん|けんかい|けんどん|ふんまん|こうかん
5	嗾ける	けしかける	誑かす|憧れる|準える|脅かす|慈しむ	ひきがえる|あほうどり|かきつばた|ほうせんか|おにおこぜ
5	誑かす	たぶらかす	嗾ける|脅かす|慈しむ|準える|憧れる	ひやしんす|きりぎりす|けしかける|きんぽうげ|おとこえし
5	峙つ	そばだつ	健か|具に|齎す|須く|躙る	いちはつ|こうそう|みみずく|ふくそう|せっこく
5	蹌踉めく	よろめく	木枯らし|悍ましい|忌々しい|禍々しい|覚束ない	ようぜん|せっこく|みみずく|おおばこ|ありくい
5	躙る	にじる	軈て|瞞す|健か|齎す|峙つ	いかる|ききょ|いんこ|とくさ|やがて
5	彼誰時	かわたれどき	麝香鹿|何首烏|穿山甲|燕子花|蕃紅花	かやつりぐさ|じゃこうじか|せんざんこう|つるどくだみ|ぐびじんそう
5	燧石	ひうちいし	蟾蜍|藪枯|窈窕|渺茫|脹脛	ひきがえる|やぶがらし|ひやしんす|おとこえし|ようちょう
5	擂粉木	すりこぎ	鮎魚女|食蟻獣|車前草|酢漿草|玉筋魚	ひおうぎ|かささぎ|おおばこ|いかなご|あいなめ
5	顳顬	こめかみ	巻耳|倥偬|浩瀚|謦咳|輻輳	こうそう|こうかん|おなもみ|このしろ|かたばみ
5	脹脛	ふくらはぎ	矍鑠|樹懶|窈窕|螽斯|蟾蜍	ひうちいし|やつがしら|ようちょう|びょうぼう|すべからく
5	齷齪	あくせく	逡巡|蹉跌|彷彿|狼狽|邂逅	しゅんじゅん|さてつ|ほうふつ|ろうばい|かいこう
5	逡巡	しゅんじゅん	蹉跌|彷彿|狼狽|邂逅|僥倖	さてつ|ほうふつ|ろうばい|かいこう|ぎょうこう
5	蹉跌	さてつ	彷彿|狼狽|邂逅|僥倖|恍惚	ほうふつ|ろうばい|かいこう|ぎょうこう|こうこつ
5	彷彿	ほうふつ	狼狽|邂逅|僥倖|恍惚|耽溺	ろうばい|かいこう|ぎょうこう|こうこつ|たんでき
5	狼狽	ろうばい	邂逅|僥倖|恍惚|耽溺|怜悧	かいこう|ぎょうこう|こうこつ|たんでき|れいり
5	邂逅	かいこう	僥倖|恍惚|耽溺|怜悧|磊落	ぎょうこう|こうこつ|たんでき|れいり|らいらく
5	僥倖	ぎょうこう	恍惚|耽溺|怜悧|磊落|慷慨	こうこつ|たんでき|れいり|らいらく|こうがい
5	恍惚	こうこつ	耽溺|怜悧|磊落|慷慨|瀟洒	たんでき|れいり|らいらく|こうがい|しょうしゃ
5	耽溺	たんでき	怜悧|磊落|慷慨|瀟洒|玲瓏	れいり|らいらく|こうがい|しょうしゃ|れいろう
5	怜悧	れいり	磊落|慷慨|瀟洒|玲瓏|朦朧	らいらく|こうがい|しょうしゃ|れいろう|もうろう
5	磊落	らいらく	慷慨|瀟洒|玲瓏|朦朧|鬱勃	こうがい|しょうしゃ|れいろう|もうろう|うつぼつ
5	慷慨	こうがい	瀟洒|玲瓏|朦朧|鬱勃|鬱蒼	しょうしゃ|れいろう|もうろう|うつぼつ|うっそう
5	瀟洒	しょうしゃ	玲瓏|朦朧|鬱勃|鬱蒼|晦渋	れいろう|もうろう|うつぼつ|うっそう|かいじゅう
5	玲瓏	れいろう	朦朧|鬱勃|鬱蒼|晦渋|昵懇	もうろう|うつぼつ|うっそう|かいじゅう|じっこん
5	朦朧	もうろう	鬱勃|鬱蒼|晦渋|昵懇|奸佞	うつぼつ|うっそう|かいじゅう|じっこん|かんねい
5	鬱勃	うつぼつ	鬱蒼|晦渋|昵懇|奸佞|齷齪	うっそう|かいじゅう|じっこん|かんねい|あくせく
5	鬱蒼	うっそう	晦渋|昵懇|奸佞|齷齪|逡巡	かいじゅう|じっこん|かんねい|あくせく|しゅんじゅん
5	晦渋	かいじゅう	昵懇|奸佞|齷齪|逡巡|蹉跌	じっこん|かんねい|あくせく|しゅんじゅん|さてつ
5	昵懇	じっこん	奸佞|齷齪|逡巡|蹉跌|彷彿	かんねい|あくせく|しゅんじゅん|さてつ|ほうふつ
5	奸佞	かんねい	齷齪|逡巡|蹉跌|彷彿|狼狽	あくせく|しゅんじゅん|さてつ|ほうふつ|ろうばい
5	剽悍	ひょうかん	剽窃|膾炙|忌憚|斡旋|軋轢	ひょうせつ|かいしゃ|きたん|あっせん|あつれき
5	剽窃	ひょうせつ	膾炙|忌憚|斡旋|軋轢|悔悛	かいしゃ|きたん|あっせん|あつれき|かいしゅん
5	膾炙	かいしゃ	忌憚|斡旋|軋轢|悔悛|贖罪	きたん|あっせん|あつれき|かいしゅん|しょくざい
5	忌憚	きたん	斡旋|軋轢|悔悛|贖罪|宥恕	あっせん|あつれき|かいしゅん|しょくざい|ゆうじょ
5	斡旋	あっせん	軋轢|悔悛|贖罪|宥恕|韜晦	あつれき|かいしゅん|しょくざい|ゆうじょ|とうかい
5	軋轢	あつれき	悔悛|贖罪|宥恕|韜晦|詭弁	かいしゅん|しょくざい|ゆうじょ|とうかい|きべん
5	悔悛	かいしゅん	贖罪|宥恕|韜晦|詭弁|詭計	しょくざい|ゆうじょ|とうかい|きべん|きけい
5	贖罪	しょくざい	宥恕|韜晦|詭弁|詭計|欺瞞	ゆうじょ|とうかい|きべん|きけい|ぎまん
5	宥恕	ゆうじょ	韜晦|詭弁|詭計|欺瞞|猜疑	とうかい|きべん|きけい|ぎまん|さいぎ
5	韜晦	とうかい	詭弁|詭計|欺瞞|猜疑|猜忌	きべん|きけい|ぎまん|さいぎ|さいき
5	詭弁	きべん	詭計|欺瞞|猜疑|猜忌|驕慢	きけい|ぎまん|さいぎ|さいき|きょうまん
5	詭計	きけい	欺瞞|猜疑|猜忌|驕慢|傲岸	ぎまん|さいぎ|さいき|きょうまん|ごうがん
5	欺瞞	ぎまん	猜疑|猜忌|驕慢|傲岸|剛愎	さいぎ|さいき|きょうまん|ごうがん|ごうふく
5	猜疑	さいぎ	猜忌|驕慢|傲岸|剛愎|狭隘	さいき|きょうまん|ごうがん|ごうふく|きょうあい
5	猜忌	さいき	驕慢|傲岸|剛愎|狭隘|陋劣	きょうまん|ごうがん|ごうふく|きょうあい|ろうれつ
5	驕慢	きょうまん	傲岸|剛愎|狭隘|陋劣|剽悍	ごうがん|ごうふく|きょうあい|ろうれつ|ひょうかん
5	傲岸	ごうがん	剛愎|狭隘|陋劣|剽悍|剽窃	ごうふく|きょうあい|ろうれつ|ひょうかん|ひょうせつ
5	剛愎	ごうふく	狭隘|陋劣|剽悍|剽窃|膾炙	きょうあい|ろうれつ|ひょうかん|ひょうせつ|かいしゃ
5	狭隘	きょうあい	陋劣|剽悍|剽窃|膾炙|忌憚	ろうれつ|ひょうかん|ひょうせつ|かいしゃ|きたん
5	陋劣	ろうれつ	剽悍|剽窃|膾炙|忌憚|斡旋	ひょうかん|ひょうせつ|かいしゃ|きたん|あっせん
5	猥雑	わいざつ	猥褻|瑣末|煩瑣|衒学|冥利	わいせつ|さまつ|はんさ|げんがく|みょうり
5	猥褻	わいせつ	瑣末|煩瑣|衒学|冥利|斃死	さまつ|はんさ|げんがく|みょうり|へいし
5	瑣末	さまつ	煩瑣|衒学|冥利|斃死|夭逝	はんさ|げんがく|みょうり|へいし|ようせい
5	煩瑣	はんさ	衒学|冥利|斃死|夭逝|殉難	げんがく|みょうり|へいし|ようせい|じゅんなん
5	衒学	げんがく	冥利|斃死|夭逝|殉難|罹患	みょうり|へいし|ようせい|じゅんなん|りかん
5	冥利	みょうり	斃死|夭逝|殉難|罹患|罹災	へいし|ようせい|じゅんなん|りかん|りさい
5	斃死	へいし	夭逝|殉難|罹患|罹災|罹病	ようせい|じゅんなん|りかん|りさい|りびょう
5	夭逝	ようせい	殉難|罹患|罹災|罹病|痼疾	じゅんなん|りかん|りさい|りびょう|こしつ
5	殉難	じゅんなん	罹患|罹災|罹病|痼疾|宿痾	りかん|りさい|りびょう|こしつ|しゅくあ
5	罹患	りかん	罹災|罹病|痼疾|宿痾|呻吟	りさい|りびょう|こしつ|しゅくあ|しんぎん
5	罹災	りさい	罹病|痼疾|宿痾|呻吟|膂力	りびょう|こしつ|しゅくあ|しんぎん|りょりょく
5	罹病	りびょう	痼疾|宿痾|呻吟|膂力|矮躯	こしつ|しゅくあ|しんぎん|りょりょく|わいく
5	痼疾	こしつ	宿痾|呻吟|膂力|矮躯|巨躯	しゅくあ|しんぎん|りょりょく|わいく|きょく
5	宿痾	しゅくあ	呻吟|膂力|矮躯|巨躯|病痾	しんぎん|りょりょく|わいく|きょく|びょうあ
5	呻吟	しんぎん	膂力|矮躯|巨躯|病痾|膏肓	りょりょく|わいく|きょく|びょうあ|こうこう
5	膂力	りょりょく	矮躯|巨躯|病痾|膏肓|猥雑	わいく|きょく|びょうあ|こうこう|わいざつ
5	矮躯	わいく	巨躯|病痾|膏肓|猥雑|猥褻	きょく|びょうあ|こうこう|わいざつ|わいせつ
5	巨躯	きょく	病痾|膏肓|猥雑|猥褻|瑣末	びょうあ|こうこう|わいざつ|わいせつ|さまつ
5	病痾	びょうあ	膏肓|猥雑|猥褻|瑣末|煩瑣	こうこう|わいざつ|わいせつ|さまつ|はんさ
5	膏肓	こうこう	猥雑|猥褻|瑣末|煩瑣|衒学	わいざつ|わいせつ|さまつ|はんさ|げんがく
5	癇癪	かんしゃく	癲癇|瘰癧|疥癬|瘴癘|疝気	てんかん|るいれき|かいせん|しょうれい|せんき
5	癲癇	てんかん	瘰癧|疥癬|瘴癘|疝気|睥睨	るいれき|かいせん|しょうれい|せんき|へいげい
5	瘰癧	るいれき	疥癬|瘴癘|疝気|睥睨|瞠目	かいせん|しょうれい|せんき|へいげい|どうもく
5	疥癬	かいせん	瘴癘|疝気|睥睨|瞠目|瞑目	しょうれい|せんき|へいげい|どうもく|めいもく
5	瘴癘	しょうれい	疝気|睥睨|瞠目|瞑目|眈眈	せんき|へいげい|どうもく|めいもく|たんたん
5	疝気	せんき	睥睨|瞠目|瞑目|眈眈|鼎談	へいげい|どうもく|めいもく|たんたん|ていだん
5	睥睨	へいげい	瞠目|瞑目|眈眈|鼎談|膝行	どうもく|めいもく|たんたん|ていだん|しっこう
5	瞠目	どうもく	瞑目|眈眈|鼎談|膝行|匍匐	めいもく|たんたん|ていだん|しっこう|ほふく
5	瞑目	めいもく	眈眈|鼎談|膝行|匍匐|趺坐	たんたん|ていだん|しっこう|ほふく|ふざ
5	眈眈	たんたん	鼎談|膝行|匍匐|趺坐|蹲踞	ていだん|しっこう|ほふく|ふざ|そんきょ
5	鼎談	ていだん	膝行|匍匐|趺坐|蹲踞|跋文	しっこう|ほふく|ふざ|そんきょ|ばつぶん
5	膝行	しっこう	匍匐|趺坐|蹲踞|跋文|跋渉	ほふく|ふざ|そんきょ|ばつぶん|ばっしょう
5	匍匐	ほふく	趺坐|蹲踞|跋文|跋渉|巍峨	ふざ|そんきょ|ばつぶん|ばっしょう|ぎが
5	趺坐	ふざ	蹲踞|跋文|跋渉|巍峨|峻険	そんきょ|ばつぶん|ばっしょう|ぎが|しゅんけん
5	蹲踞	そんきょ	跋文|跋渉|巍峨|峻険|嶮岨	ばつぶん|ばっしょう|ぎが|しゅんけん|けんそ
5	跋文	ばつぶん	跋渉|巍峨|峻険|嶮岨|癇癪	ばっしょう|ぎが|しゅんけん|けんそ|かんしゃく
5	跋渉	ばっしょう	巍峨|峻険|嶮岨|癇癪|癲癇	ぎが|しゅんけん|けんそ|かんしゃく|てんかん
5	巍峨	ぎが	峻険|嶮岨|癇癪|癲癇|瘰癧	しゅんけん|けんそ|かんしゃく|てんかん|るいれき
5	峻険	しゅんけん	嶮岨|癇癪|癲癇|瘰癧|疥癬	けんそ|かんしゃく|てんかん|るいれき|かいせん
5	嶮岨	けんそ	癇癪|癲癇|瘰癧|疥癬|瘴癘	かんしゃく|てんかん|るいれき|かいせん|しょうれい
5	嶄然	ざんぜん	崔嵬|岑寂|幽邃|寂寥|索漠	さいかい|しんじゃく|ゆうすい|せきりょう|さくばく
5	崔嵬	さいかい	岑寂|幽邃|寂寥|索漠|蕭条	しんじゃく|ゆうすい|せきりょう|さくばく|しょうじょう
5	岑寂	しんじゃく	幽邃|寂寥|索漠|蕭条|凄愴	ゆうすい|せきりょう|さくばく|しょうじょう|せいそう
5	幽邃	ゆうすい	寂寥|索漠|蕭条|凄愴|惨憺	せきりょう|さくばく|しょうじょう|せいそう|さんたん
5	寂寥	せきりょう	索漠|蕭条|凄愴|惨憺|暗澹	さくばく|しょうじょう|せいそう|さんたん|あんたん
5	索漠	さくばく	蕭条|凄愴|惨憺|暗澹|昏冥	しょうじょう|せいそう|さんたん|あんたん|こんめい
5	蕭条	しょうじょう	凄愴|惨憺|暗澹|昏冥|晦冥	せいそう|さんたん|あんたん|こんめい|かいめい
5	凄愴	せいそう	惨憺|暗澹|昏冥|晦冥|氤氳	さんたん|あんたん|こんめい|かいめい|いんうん
5	惨憺	さんたん	暗澹|昏冥|晦冥|氤氳|靄然	あんたん|こんめい|かいめい|いんうん|あいぜん
5	暗澹	あんたん	昏冥|晦冥|氤氳|靄然|霖雨	こんめい|かいめい|いんうん|あいぜん|りんう
5	昏冥	こんめい	晦冥|氤氳|靄然|霖雨|雷霆	かいめい|いんうん|あいぜん|りんう|らいてい
5	晦冥	かいめい	氤氳|靄然|霖雨|雷霆|颶風	いんうん|あいぜん|りんう|らいてい|ぐふう
5	氤氳	いんうん	靄然|霖雨|雷霆|颶風|飄逸	あいぜん|りんう|らいてい|ぐふう|ひょういつ
5	靄然	あいぜん	霖雨|雷霆|颶風|飄逸|金糸雀	りんう|らいてい|ぐふう|ひょういつ|かなりあ
5	霖雨	りんう	雷霆|颶風|飄逸|金糸雀|山慈姑	らいてい|ぐふう|ひょういつ|かなりあ|かたくり
5	雷霆	らいてい	颶風|飄逸|金糸雀|山慈姑|嶄然	ぐふう|ひょういつ|かなりあ|かたくり|ざんぜん
5	颶風	ぐふう	飄逸|金糸雀|山慈姑|嶄然|崔嵬	ひょういつ|かなりあ|かたくり|ざんぜん|さいかい
5	飄逸	ひょういつ	金糸雀|山慈姑|嶄然|崔嵬|岑寂	かなりあ|かたくり|ざんぜん|さいかい|しんじゃく
5	金糸雀	かなりあ	山慈姑|嶄然|崔嵬|岑寂|幽邃	かたくり|ざんぜん|さいかい|しんじゃく|ゆうすい
5	山慈姑	かたくり	嶄然|崔嵬|岑寂|幽邃|寂寥	ざんぜん|さいかい|しんじゃく|ゆうすい|せきりょう
5	驟雨	しゅうう	村雨|氷筍|雪催い|凍雨|朔風	むらさめ|ひょうじゅん|ゆきもよい|とうう|さくふう
5	村雨	むらさめ	氷筍|雪催い|凍雨|朔風|颪風	ひょうじゅん|ゆきもよい|とうう|さくふう|おろしかぜ
5	氷筍	ひょうじゅん	雪催い|凍雨|朔風|颪風|野分立つ	ゆきもよい|とうう|さくふう|おろしかぜ|のわきだつ
5	雪催い	ゆきもよい	凍雨|朔風|颪風|野分立つ|霜夜	とうう|さくふう|おろしかぜ|のわきだつ|しもよ
5	凍雨	とうう	朔風|颪風|野分立つ|霜夜|暁闇	さくふう|おろしかぜ|のわきだつ|しもよ|ぎょうあん
5	朔風	さくふう	颪風|野分立つ|霜夜|暁闇|払暁	おろしかぜ|のわきだつ|しもよ|ぎょうあん|ふつぎょう
5	颪風	おろしかぜ	野分立つ|霜夜|暁闇|払暁|暁鐘	のわきだつ|しもよ|ぎょうあん|ふつぎょう|ぎょうしょう
5	野分立つ	のわきだつ	霜夜|暁闇|払暁|暁鐘|玉兎	しもよ|ぎょうあん|ふつぎょう|ぎょうしょう|ぎょくと
5	霜夜	しもよ	暁闇|払暁|暁鐘|玉兎|金烏	ぎょうあん|ふつぎょう|ぎょうしょう|ぎょくと|きんう
5	暁闇	ぎょうあん	払暁|暁鐘|玉兎|金烏|残照	ふつぎょう|ぎょうしょう|ぎょくと|きんう|ざんしょう
5	払暁	ふつぎょう	暁鐘|玉兎|金烏|残照|嘴太鴉	ぎょうしょう|ぎょくと|きんう|ざんしょう|はしぶとがらす
5	暁鐘	ぎょうしょう	玉兎|金烏|残照|嘴太鴉|嘴細鴉	ぎょくと|きんう|ざんしょう|はしぶとがらす|はしぼそがらす
5	玉兎	ぎょくと	金烏|残照|嘴太鴉|嘴細鴉|袋鼠	きんう|ざんしょう|はしぶとがらす|はしぼそがらす|かんがるー
5	金烏	きんう	残照|嘴太鴉|嘴細鴉|袋鼠|火食鳥	ざんしょう|はしぶとがらす|はしぼそがらす|かんがるー|ひくいどり
5	残照	ざんしょう	嘴太鴉|嘴細鴉|袋鼠|火食鳥|紅鶴	はしぶとがらす|はしぼそがらす|かんがるー|ひくいどり|ふらみんご
5	嘴太鴉	はしぶとがらす	嘴細鴉|袋鼠|火食鳥|紅鶴|驟雨	はしぼそがらす|かんがるー|ひくいどり|ふらみんご|しゅうう
5	嘴細鴉	はしぼそがらす	袋鼠|火食鳥|紅鶴|驟雨|村雨	かんがるー|ひくいどり|ふらみんご|しゅうう|むらさめ
5	袋鼠	かんがるー	火食鳥|紅鶴|驟雨|村雨|氷筍	ひくいどり|ふらみんご|しゅうう|むらさめ|ひょうじゅん
5	火食鳥	ひくいどり	紅鶴|驟雨|村雨|氷筍|雪催い	ふらみんご|しゅうう|むらさめ|ひょうじゅん|ゆきもよい
5	紅鶴	ふらみんご	驟雨|村雨|氷筍|雪催い|凍雨	しゅうう|むらさめ|ひょうじゅん|ゆきもよい|とうう
5	大蜥蜴	おおとかげ	蠼螋|蚕豆|豌豆|海蘿|海松貝	はさみむし|そらまめ|えんどう|ふのり|みるがい
5	蠼螋	はさみむし	蚕豆|豌豆|海蘿|海松貝|金鍔	そらまめ|えんどう|ふのり|みるがい|きんつば
5	蚕豆	そらまめ	豌豆|海蘿|海松貝|金鍔|求肥	えんどう|ふのり|みるがい|きんつば|ぎゅうひ
5	豌豆	えんどう	海蘿|海松貝|金鍔|求肥|雁擬	ふのり|みるがい|きんつば|ぎゅうひ|がんもどき
5	海蘿	ふのり	海松貝|金鍔|求肥|雁擬|麺麭	みるがい|きんつば|ぎゅうひ|がんもどき|ぱん
5	海松貝	みるがい	金鍔|求肥|雁擬|麺麭|乾酪	きんつば|ぎゅうひ|がんもどき|ぱん|ちーず
5	金鍔	きんつば	求肥|雁擬|麺麭|乾酪|珈琲	ぎゅうひ|がんもどき|ぱん|ちーず|こーひー
5	求肥	ぎゅうひ	雁擬|麺麭|乾酪|珈琲|麦酒	がんもどき|ぱん|ちーず|こーひー|びーる
5	雁擬	がんもどき	麺麭|乾酪|珈琲|麦酒|葡萄酒	ぱん|ちーず|こーひー|びーる|わいん
5	麺麭	ぱん	乾酪|珈琲|麦酒|葡萄酒|莫大小	ちーず|こーひー|びーる|わいん|めりやす
5	乾酪	ちーず	珈琲|麦酒|葡萄酒|莫大小|天鵞絨	こーひー|びーる|わいん|めりやす|びろーど
5	珈琲	こーひー	麦酒|葡萄酒|莫大小|天鵞絨|羅紗	びーる|わいん|めりやす|びろーど|らしゃ
5	麦酒	びーる	葡萄酒|莫大小|天鵞絨|羅紗|作務衣	わいん|めりやす|びろーど|らしゃ|さむえ
5	葡萄酒	わいん	莫大小|天鵞絨|羅紗|作務衣|股引	めりやす|びろーど|らしゃ|さむえ|ももひき
5	莫大小	めりやす	天鵞絨|羅紗|作務衣|股引|護謨	びろーど|らしゃ|さむえ|ももひき|ごむ
5	天鵞絨	びろーど	羅紗|作務衣|股引|護謨|大蜥蜴	らしゃ|さむえ|ももひき|ごむ|おおとかげ
5	羅紗	らしゃ	作務衣|股引|護謨|大蜥蜴|蠼螋	さむえ|ももひき|ごむ|おおとかげ|はさみむし
5	作務衣	さむえ	股引|護謨|大蜥蜴|蠼螋|蚕豆	ももひき|ごむ|おおとかげ|はさみむし|そらまめ
5	股引	ももひき	護謨|大蜥蜴|蠼螋|蚕豆|豌豆	ごむ|おおとかげ|はさみむし|そらまめ|えんどう
5	護謨	ごむ	大蜥蜴|蠼螋|蚕豆|豌豆|海蘿	おおとかげ|はさみむし|そらまめ|えんどう|ふのり
5	阿諛	あゆ	讒言|呵責|鞭撻|恫喝|喝破	ざんげん|かしゃく|べんたつ|どうかつ|かっぱ
5	讒言	ざんげん	呵責|鞭撻|恫喝|喝破|罵詈	かしゃく|べんたつ|どうかつ|かっぱ|ばり
5	呵責	かしゃく	鞭撻|恫喝|喝破|罵詈|誹謗	べんたつ|どうかつ|かっぱ|ばり|ひぼう
5	鞭撻	べんたつ	恫喝|喝破|罵詈|誹謗|諷刺	どうかつ|かっぱ|ばり|ひぼう|ふうし
5	恫喝	どうかつ	喝破|罵詈|誹謗|諷刺|諫止	かっぱ|ばり|ひぼう|ふうし|かんし
5	喝破	かっぱ	罵詈|誹謗|諷刺|諫止|怨嗟	ばり|ひぼう|ふうし|かんし|えんさ
5	罵詈	ばり	誹謗|諷刺|諫止|怨嗟|欣喜	ひぼう|ふうし|かんし|えんさ|きんき
5	誹謗	ひぼう	諷刺|諫止|怨嗟|欣喜|快哉	ふうし|かんし|えんさ|きんき|かいさい
5	諷刺	ふうし	諫止|怨嗟|欣喜|快哉|哄笑	かんし|えんさ|きんき|かいさい|こうしょう
5	諫止	かんし	怨嗟|欣喜|快哉|哄笑|涕泣	えんさ|きんき|かいさい|こうしょう|ていきゅう
5	怨嗟	えんさ	欣喜|快哉|哄笑|涕泣|嗚咽	きんき|かいさい|こうしょう|ていきゅう|おえつ
5	欣喜	きんき	快哉|哄笑|涕泣|嗚咽|咆哮	かいさい|こうしょう|ていきゅう|おえつ|ほうこう
5	快哉	かいさい	哄笑|涕泣|嗚咽|咆哮|讒謗	こうしょう|ていきゅう|おえつ|ほうこう|ざんぼう
5	哄笑	こうしょう	涕泣|嗚咽|咆哮|讒謗|謗議	ていきゅう|おえつ|ほうこう|ざんぼう|ぼうぎ
5	涕泣	ていきゅう	嗚咽|咆哮|讒謗|謗議|叱咤	おえつ|ほうこう|ざんぼう|ぼうぎ|しった
5	嗚咽	おえつ	咆哮|讒謗|謗議|叱咤|阿諛	ほうこう|ざんぼう|ぼうぎ|しった|あゆ
5	咆哮	ほうこう	讒謗|謗議|叱咤|阿諛|讒言	ざんぼう|ぼうぎ|しった|あゆ|ざんげん
5	讒謗	ざんぼう	謗議|叱咤|阿諛|讒言|呵責	ぼうぎ|しった|あゆ|ざんげん|かしゃく
5	謗議	ぼうぎ	叱咤|阿諛|讒言|呵責|鞭撻	しった|あゆ|ざんげん|かしゃく|べんたつ
5	叱咤	しった	阿諛|讒言|呵責|鞭撻|恫喝	あゆ|ざんげん|かしゃく|べんたつ|どうかつ
5	三和土	たたき	垂木|破風|入母屋|切妻|勾欄	たるき|はふ|いりもや|きりづま|こうらん
5	垂木	たるき	破風|入母屋|切妻|勾欄|木舞	はふ|いりもや|きりづま|こうらん|こまい
5	破風	はふ	入母屋|切妻|勾欄|木舞|鏝絵	いりもや|きりづま|こうらん|こまい|こてえ
5	入母屋	いりもや	切妻|勾欄|木舞|鏝絵|檜皮葺	きりづま|こうらん|こまい|こてえ|ひわだぶき
5	切妻	きりづま	勾欄|木舞|鏝絵|檜皮葺|杮葺	こうらん|こまい|こてえ|ひわだぶき|こけらぶき
5	勾欄	こうらん	木舞|鏝絵|檜皮葺|杮葺|格天井	こまい|こてえ|ひわだぶき|こけらぶき|ごうてんじょう
5	木舞	こまい	鏝絵|檜皮葺|杮葺|格天井|竿縁	こてえ|ひわだぶき|こけらぶき|ごうてんじょう|さおぶち
5	鏝絵	こてえ	檜皮葺|杮葺|格天井|竿縁|裳着	ひわだぶき|こけらぶき|ごうてんじょう|さおぶち|もぎ
5	檜皮葺	ひわだぶき	杮葺|格天井|竿縁|裳着|半臂	こけらぶき|ごうてんじょう|さおぶち|もぎ|はんぴ
5	杮葺	こけらぶき	格天井|竿縁|裳着|半臂|浅沓	ごうてんじょう|さおぶち|もぎ|はんぴ|あさぐつ
5	格天井	ごうてんじょう	竿縁|裳着|半臂|浅沓|白拍子	さおぶち|もぎ|はんぴ|あさぐつ|しらびょうし
5	竿縁	さおぶち	裳着|半臂|浅沓|白拍子|水干	もぎ|はんぴ|あさぐつ|しらびょうし|すいかん
5	裳着	もぎ	半臂|浅沓|白拍子|水干|衣冠	はんぴ|あさぐつ|しらびょうし|すいかん|いかん
5	半臂	はんぴ	浅沓|白拍子|水干|衣冠|束帯	あさぐつ|しらびょうし|すいかん|いかん|そくたい
5	浅沓	あさぐつ	白拍子|水干|衣冠|束帯|臑当	しらびょうし|すいかん|いかん|そくたい|すねあて
5	白拍子	しらびょうし	水干|衣冠|束帯|臑当|三和土	すいかん|いかん|そくたい|すねあて|たたき
5	水干	すいかん	衣冠|束帯|臑当|三和土|垂木	いかん|そくたい|すねあて|たたき|たるき
5	衣冠	いかん	束帯|臑当|三和土|垂木|破風	そくたい|すねあて|たたき|たるき|はふ
5	束帯	そくたい	臑当|三和土|垂木|破風|入母屋	すねあて|たたき|たるき|はふ|いりもや
5	臑当	すねあて	三和土|垂木|破風|入母屋|切妻	たたき|たるき|はふ|いりもや|きりづま
5	坩堝	るつぼ	鑢|鏨|鏃|錣|鎬	やすり|たがね|やじり|しころ|しのぎ
5	鑢	やすり	鏨|鏃|錣|鎬|切先	たがね|やじり|しころ|しのぎ|きっさき
5	鏨	たがね	鏃|錣|鎬|切先|脇差	やじり|しころ|しのぎ|きっさき|わきざし
5	鏃	やじり	錣|鎬|切先|脇差|鉋屑	しころ|しのぎ|きっさき|わきざし|かんなくず
5	錣	しころ	鎬|切先|脇差|鉋屑|金床	しのぎ|きっさき|わきざし|かんなくず|かなとこ
5	鎬	しのぎ	切先|脇差|鉋屑|金床|雁首	きっさき|わきざし|かんなくず|かなとこ|がんくび
5	切先	きっさき	脇差|鉋屑|金床|雁首|煙管	わきざし|かんなくず|かなとこ|がんくび|きせる
5	脇差	わきざし	鉋屑|金床|雁首|煙管|印籠	かんなくず|かなとこ|がんくび|きせる|いんろう
5	鉋屑	かんなくず	金床|雁首|煙管|印籠|根付	かなとこ|がんくび|きせる|いんろう|ねつけ
5	金床	かなとこ	雁首|煙管|印籠|根付|雪隠	がんくび|きせる|いんろう|ねつけ|せっちん
5	雁首	がんくび	煙管|印籠|根付|雪隠|甑	きせる|いんろう|ねつけ|せっちん|こしき
5	煙管	きせる	印籠|根付|雪隠|甑|釣瓶	いんろう|ねつけ|せっちん|こしき|つるべ
5	印籠	いんろう	根付|雪隠|甑|釣瓶|蒸籠	ねつけ|せっちん|こしき|つるべ|せいろ
5	根付	ねつけ	雪隠|甑|釣瓶|蒸籠|櫛笥	せっちん|こしき|つるべ|せいろ|くしげ
5	雪隠	せっちん	甑|釣瓶|蒸籠|櫛笥|硯箱	こしき|つるべ|せいろ|くしげ|すずりばこ
5	甑	こしき	釣瓶|蒸籠|櫛笥|硯箱|坩堝	つるべ|せいろ|くしげ|すずりばこ|るつぼ
5	釣瓶	つるべ	蒸籠|櫛笥|硯箱|坩堝|鑢	せいろ|くしげ|すずりばこ|るつぼ|やすり
5	蒸籠	せいろ	櫛笥|硯箱|坩堝|鑢|鏨	くしげ|すずりばこ|るつぼ|やすり|たがね
5	櫛笥	くしげ	硯箱|坩堝|鑢|鏨|鏃	すずりばこ|るつぼ|やすり|たがね|やじり
5	硯箱	すずりばこ	坩堝|鑢|鏨|鏃|錣	るつぼ|やすり|たがね|やじり|しころ
